CRASH_RECORD_ID,RD_NO,CRASH_DATE_EST_I,CRASH_DATE,POSTED_SPEED_LIMIT,TRAFFIC_CONTROL_DEVICE,DEVICE_CONDITION,WEATHER_CONDITION,LIGHTING_CONDITION,FIRST_CRASH_TYPE,TRAFFICWAY_TYPE,LANE_CNT,ALIGNMENT,ROADWAY_SURFACE_COND,ROAD_DEFECT,REPORT_TYPE,CRASH_TYPE,INTERSECTION_RELATED_I,NOT_RIGHT_OF_WAY_I,HIT_AND_RUN_I,DAMAGE,DATE_POLICE_NOTIFIED,PRIM_CONTRIBUTORY_CAUSE,SEC_CONTRIBUTORY_CAUSE,STREET_NO,STREET_DIRECTION,STREET_NAME,BEAT_OF_OCCURRENCE,PHOTOS_TAKEN_I,STATEMENTS_TAKEN_I,DOORING_I,WORK_ZONE_I,WORK_ZONE_TYPE,WORKERS_PRESENT_I,NUM_UNITS,MOST_SEVERE_INJURY,INJURIES_TOTAL,INJURIES_FATAL,INJURIES_INCAPACITATING,INJURIES_NON_INCAPACITATING,INJURIES_REPORTED_NOT_EVIDENT,INJURIES_NO_INDICATION,INJURIES_UNKNOWN,CRASH_HOUR,CRASH_DAY_OF_WEEK,CRASH_MONTH,LATITUDE,LONGITUDE,LOCATION
13439ae2244729d2cf229f4b884eefa6c0d190f202de51926fbf7fefc06efd025fd0e9e9bc276b16a1588227d8f977a66a920ca987f788ab416ec1b46863e0c3,JF318118,,44757.18611,20,NO CONTROLS,NO CONTROLS,CLEAR,"DARKNESS, LIGHTED ROAD",PARKED MOTOR VEHICLE,PARKING LOT,,STRAIGHT AND LEVEL,DRY,NO DEFECTS,ON SCENE,NO INJURY / DRIVE AWAY,,Y,Y,"OVER $1,500",44757.1875,NOT APPLICABLE,NOT APPLICABLE,4610,S,WABASH AVE,215,,,,,,,3,NO INDICATION OF INJURY,0,0,0,0,0,1,0,4,6,7,41.8106978,-87.62464592,POINT (-87.624645915437 41.810697802557)
7a7f22703299693f98bf1cf7f15921d09034cd89c2ed47f3281253f752c27a326d8161a3056a66b7c1b3bb1cc27a9aab99a14a119785aa8fe4ac1d9fb8cbffa8,JC422221,,43714.43056,20,NO CONTROLS,NO CONTROLS,CLEAR,DAYLIGHT,PARKED MOTOR VEHICLE,NOT DIVIDED,,STRAIGHT AND LEVEL,DRY,NO DEFECTS,NOT ON SCENE (DESK REPORT),NO INJURY / DRIVE AWAY,,,,"OVER $1,500",43714.44931,UNABLE TO DETERMINE,NOT APPLICABLE,2121,N,STOCKTON DR,1814,,,,,,,2,NO INDICATION OF INJURY,0,0,0,0,0,1,0,10,6,9,41.92084678,-87.63551855,POINT (-87.635518547998 41.920846776668)
797aeb6de3e2748f06bd75cc4cb6b2e26f752b661abee087cd4ea4e36cd93d349472473550511c012c3e44fb2b02484c8a24462cf9d90a7e99cde857050b6c8d,JA430873,,42992.46875,30,TRAFFIC SIGNAL,FUNCTIONING PROPERLY,CLEAR,DAYLIGHT,ANGLE,DIVIDED - W/MEDIAN (NOT RAISED),,STRAIGHT AND LEVEL,DRY,NO DEFECTS,ON SCENE,INJURY AND / OR TOW DUE TO CRASH,Y,N,Y,"OVER $1,500",42992.47917,DISREGARDING TRAFFIC SIGNALS,NOT APPLICABLE,5700,S,NORMAL BLVD,711,,,,,,,2,NO INDICATION OF INJURY,0,0,0,0,0,2,0,11,5,9,41.79074708,-87.63790926,POINT (-87.637909256022 41.790747083106)
7bf1fa2ab7bfc4a859cde9f60855597d70e21ea33cf2a79dd1eabf01ba33d10d66ceeffc6369a1f1c9a314bd69325fb6676855d33b214fa8a59301af82a7fcc0,JE331509,,44417.50694,30,NO CONTROLS,NO CONTROLS,CLEAR,DAYLIGHT,REAR TO FRONT,NOT DIVIDED,,STRAIGHT AND LEVEL,DRY,NO DEFECTS,NOT ON SCENE (DESK REPORT),NO INJURY / DRIVE AWAY,,,,"OVER $1,500",44417.52083,IMPROPER BACKING,NOT APPLICABLE,3054,S,THROOP ST,913,,,,,,,2,NO INDICATION OF INJURY,0,0,0,0,0,3,0,12,2,8,41.83839326,-87.64991855,POINT (-87.649918550512 41.838393259864)
7b12bf0f8b5d6a4b6f74a894b05ffec1b4cac0703f4addb43b672641bba43ad3d6296a62157cbc3d6d87651fff45b6eea2ee7149da04f2dc6cd7c34bc781c742,JD462462,,44182.79167,30,UNKNOWN,UNKNOWN,CLEAR,DAYLIGHT,PARKED MOTOR VEHICLE,NOT DIVIDED,,STRAIGHT AND LEVEL,UNKNOWN,UNKNOWN,NOT ON SCENE (DESK REPORT),NO INJURY / DRIVE AWAY,Y,,Y,"OVER $1,500",44183.45833,UNABLE TO DETERMINE,NOT APPLICABLE,1539,W,78TH ST,612,,,,,,,2,NO INDICATION OF INJURY,0,0,0,0,0,1,0,19,5,12,41.75206588,-87.66339725,POINT (-87.663397245985 41.752065880729)
1392d9c687128cfef028454da54dd87aa1fa5d0c72adc729f006e7d4e68fb99664d553a73d527d33d6749e66cefc65d5adb625e4701a0d371124210ede1a09a1,JF318203,,44757.3125,30,TRAFFIC SIGNAL,FUNCTIONING PROPERLY,RAIN,DAYLIGHT,REAR END,NOT DIVIDED,,STRAIGHT AND LEVEL,WET,UNKNOWN,NOT ON SCENE (DESK REPORT),NO INJURY / DRIVE AWAY,,,,"OVER $1,500",44757.32639,UNABLE TO DETERMINE,UNABLE TO DETERMINE,1601,S,CENTRAL PARK AVE,1021,,,,,,,2,NO INDICATION OF INJURY,0,0,0,0,0,2,0,7,6,7,41.85888436,-87.71505771,POINT (-87.715057708192 41.858884361278)
7b82843af6a7aeaf7b009ac23c7f48393376e4f166c10a1c25e818bdd26d3994ca0ab3c220a8e84868f95a53b50edcdcac2f2cde09ae8035ffbe1c59f50b90d1,JC180948,,43535.06597,25,TRAFFIC SIGNAL,FUNCTIONING PROPERLY,CLEAR,DARKNESS,REAR END,NOT DIVIDED,,STRAIGHT AND LEVEL,DRY,UNKNOWN,ON SCENE,NO INJURY / DRIVE AWAY,N,,Y,"OVER $1,500",43535.06736,UNABLE TO DETERMINE,NOT APPLICABLE,1958,W,ADDISON ST,1922,,,,,,,2,NO INDICATION OF INJURY,0,0,0,0,0,4,0,1,2,3,41.94697586,-87.67843436,POINT (-87.678434358031 41.946975855271)
139c0511e011f04efc017eac27e6e9c7e875b1d1383ffa79ad8d88ba4c1d696b0be22649c0d69cad50fe6475829cbdf08a00d293a8d4a51233da6a6f0ec0047d,JF318553,,44757.51389,15,NO CONTROLS,NO CONTROLS,RAIN,DAYLIGHT,REAR TO SIDE,PARKING LOT,,STRAIGHT AND LEVEL,WET,NO DEFECTS,ON SCENE,NO INJURY / DRIVE AWAY,,,,"OVER $1,500",44757.51528,UNABLE TO DETERMINE,UNABLE TO DETERMINE,3348,S,PULASKI RD,1031,,,,,,,2,NO INDICATION OF INJURY,0,0,0,0,0,2,0,12,6,7,41.83214403,-87.72439592,POINT (-87.724395923478 41.832144031294)
7929be6a851c40fe9bfe41fca59a1e0f12feccd4f60825ee1ac248c426bd942cf174cb33d068a6c794a223a9e867b6e3b77c2e82f9b4da94d606ac7409142857,JE178720,,44279.66597,30,NO CONTROLS,NO CONTROLS,CLEAR,DAYLIGHT,PARKED MOTOR VEHICLE,NOT DIVIDED,,STRAIGHT AND LEVEL,DRY,NO DEFECTS,NOT ON SCENE (DESK REPORT),NO INJURY / DRIVE AWAY,,,Y,"$501 - $1,500",44279.77778,IMPROPER LANE USAGE,NOT APPLICABLE,6114,W,NORTH AVE,2513,,,,,,,2,NO INDICATION OF INJURY,0,0,0,0,0,1,0,15,4,3,41.90932955,-87.77831925,POINT (-87.778319252564 41.909329548018)
7c404791fca45c727495c11ab0d209748c3108717a267a15643eaf02e560256c5918f5bbbcc98dd5d1b4ae88008b01391a52d2773f7d161c8b6258fa8b13a8e3,HZ488648,,42667.73958,30,NO CONTROLS,NO CONTROLS,RAIN,DAYLIGHT,TURNING,OTHER,,STRAIGHT AND LEVEL,DRY,NO DEFECTS,NOT ON SCENE (DESK REPORT),NO INJURY / DRIVE AWAY,,,,"OVER $1,500",42668.66319,NOT APPLICABLE,NOT APPLICABLE,2403,S,BLUE ISLAND AVE,1034,,,,,,,2,NO INDICATION OF INJURY,0,0,0,0,0,2,0,17,2,10,41.84853919,-87.67541698,POINT (-87.675416983619 41.848539187353)
7a7924f68a633740e1379d648c62b4457b30a53b774458bab2eab17659c18ccb55ea6c3c3b20b1eb43a65ca70aa527c924f06d8f5dfefdf9e9014341b864b377,JC500965,,43775.63542,30,NO CONTROLS,NO CONTROLS,CLEAR,DAYLIGHT,ANGLE,NOT DIVIDED,,STRAIGHT AND LEVEL,DRY,NO DEFECTS,NOT ON SCENE (DESK REPORT),NO INJURY / DRIVE AWAY,,,,"$501 - $1,500",43775.63542,UNABLE TO DETERMINE,UNABLE TO DETERMINE,9643,S,ESCANABA AVE,431,,,,,,,2,NO INDICATION OF INJURY,0,0,0,0,0,2,0,15,4,11,41.71962826,-87.55365025,POINT (-87.553650251825 41.719628258888)
14b609584af2f9c5d9e11fd08ba74758ea6d952bb1a486c863e9046abad73e6d05321500057dded7b8a81fc71160c1a91115cc5055ef4174131ba4589f329b8e,JF318032,,44757.03472,30,TRAFFIC SIGNAL,FUNCTIONING PROPERLY,CLEAR,"DARKNESS, LIGHTED ROAD",FIXED OBJECT,NOT DIVIDED,,STRAIGHT AND LEVEL,DRY,NO DEFECTS,ON SCENE,INJURY AND / OR TOW DUE TO CRASH,,,,"OVER $1,500",44757.03611,UNABLE TO DETERMINE,NOT APPLICABLE,4527,W,FULLERTON AVE,2522,,,,,,,1,NO INDICATION OF INJURY,0,0,0,0,0,1,0,0,6,7,41.92421321,-87.74008127,POINT (-87.740081273673 41.924213209707)
151c20536b56cb38376f89953a995f75f54f7fb73512c73ea69811a11ec110b59d2763839dc1ab03ce80c6ad3522c512a7a973eccc839ae4eaa05abc7493c6ed,JF318858,,44757.70833,30,NO CONTROLS,NO CONTROLS,RAIN,DAYLIGHT,TURNING,NOT DIVIDED,,STRAIGHT AND LEVEL,WET,NO DEFECTS,NOT ON SCENE (DESK REPORT),NO INJURY / DRIVE AWAY,,,,"OVER $1,500",44757.72431,UNABLE TO DETERMINE,UNABLE TO DETERMINE,8427,W,BRYN MAWR AVE,1614,,,,,,,2,NO INDICATION OF INJURY,0,0,0,0,0,2,0,17,6,7,41.98099399,-87.83788416,POINT (-87.837884154584 41.980993988273)
28dae3463ae239f26cc94ffc4613c7e34a9d7405a46cedd99468a5b4533b76088890cf5dd69d1d315ee6239e7edf3c78ecdea080b835453fdbfb0c10483d73da,JF375389,,44802.80903,30,TRAFFIC SIGNAL,FUNCTIONING PROPERLY,CLEAR,"DARKNESS, LIGHTED ROAD",PEDALCYCLIST,NOT DIVIDED,,STRAIGHT AND LEVEL,DRY,UNKNOWN,ON SCENE,INJURY AND / OR TOW DUE TO CRASH,N,,,$500 OR LESS,44802.81181,"OPERATING VEHICLE IN ERRATIC, RECKLESS, CARELESS, NEGLIGENT OR AGGRESSIVE MANNER",NOT APPLICABLE,59,S,RACINE AVE,1232,,,,,,,2,NO INDICATION OF INJURY,0,0,0,0,0,2,0,19,2,8,41.88037339,-87.65695421,POINT (-87.656954208484 41.880373391177)
7afafeab6835a895e20dbfe7747c0cd81d0a7afd94cd2cdd0b4aa8508429635248de5683c7e401f4414325249964ccce3ccc9c1e7ea1014fd287b2a0c7e00323,JC319055,,43639.90625,30,STOP SIGN/FLASHER,FUNCTIONING PROPERLY,CLOUDY/OVERCAST,DARKNESS,PEDESTRIAN,ONE-WAY,,STRAIGHT AND LEVEL,WET,NO DEFECTS,ON SCENE,INJURY AND / OR TOW DUE TO CRASH,,,Y,"OVER $1,500",43639.93333,UNABLE TO DETERMINE,NOT APPLICABLE,4600,S,INDIANA AVE,215,,,,,,,2,INCAPACITATING INJURY,1,0,1,0,0,1,0,21,1,6,41.81103208,-87.62140462,POINT (-87.62140462327 41.811032083875)
7b84b4c4f23715dd6dd9f84ce28dbde18730094f219520fe51e31993ede6c0aa6ab92e61a8ce127ec75290a1e06d227528d1b1b7342ad153527d464b128e97a6,JE322353,,44409.64583,30,STOP SIGN/FLASHER,FUNCTIONING PROPERLY,CLEAR,DAYLIGHT,REAR END,NOT DIVIDED,,STRAIGHT AND LEVEL,DRY,NO DEFECTS,NOT ON SCENE (DESK REPORT),NO INJURY / DRIVE AWAY,Y,,,"OVER $1,500",44409.67361,FOLLOWING TOO CLOSELY,UNABLE TO DETERMINE,2400,N,CALIFORNIA AVE,1414,,,,,,,2,NO INDICATION OF INJURY,0,0,0,0,0,2,0,15,1,8,41.92489629,-87.69756202,POINT (-87.69756202078 41.924896284559)
7b29b30a2d169e3a4e88ef2b7fb852eae9e2a50dd12a81577bb5a0322976f6bde7af0aedf2eeb1dde4329b57f4da63d1ab27e12273fa9a9509e465e3b9fd58b6,JB532579,,43429.75694,30,STOP SIGN/FLASHER,FUNCTIONING PROPERLY,SNOW,"DARKNESS, LIGHTED ROAD",ANGLE,NOT DIVIDED,2,STRAIGHT AND LEVEL,SNOW OR SLUSH,NO DEFECTS,NOT ON SCENE (DESK REPORT),NO INJURY / DRIVE AWAY,Y,,,"$501 - $1,500",43432.84375,UNABLE TO DETERMINE,NOT APPLICABLE,7000,W,GEORGE ST,2511,,,,,,,2,NO INDICATION OF INJURY,0,0,0,0,0,2,0,18,1,11,41.93274268,-87.80108712,POINT (-87.801087119458 41.932742682792)
7bc1c159500adf65e2d5aebb8e31e1189039817f78fbc13c439af32312b1df8f0975081638459c3fb314194d6872112be66b78b53d9c145475b7a71c1227bcb9,JB259908,,43231.76458,30,STOP SIGN/FLASHER,FUNCTIONING PROPERLY,CLEAR,DUSK,ANGLE,NOT DIVIDED,2,STRAIGHT AND LEVEL,DRY,NO DEFECTS,ON SCENE,INJURY AND / OR TOW DUE TO CRASH,Y,,,"OVER $1,500",43231.76458,UNABLE TO DETERMINE,NOT APPLICABLE,2200,N,LINCOLN PARK WEST,1814,,,,,,,2,NO INDICATION OF INJURY,0,0,0,0,0,2,0,18,6,5,41.92208104,-87.63660783,POINT (-87.636607832136 41.922081041047)
79f41d9dd10c85060b77ff8cf4735733fa50c448a3703ef12525bc066526bed6e33cc138793c55f460a3fd61e0a565f1154271d13003c88190f5fadbda36bccc,JC123822,,43485.81944,30,NO CONTROLS,NO CONTROLS,CLEAR,"DARKNESS, LIGHTED ROAD",REAR END,NOT DIVIDED,2,STRAIGHT AND LEVEL,SNOW OR SLUSH,"RUT, HOLES",NOT ON SCENE (DESK REPORT),NO INJURY / DRIVE AWAY,,,Y,"$501 - $1,500",43485.83333,FOLLOWING TOO CLOSELY,FOLLOWING TOO CLOSELY,3800,S,KEDZIE AVE,911,,,,,,,2,NO INDICATION OF INJURY,0,0,0,0,0,3,0,19,1,1,41.82435631,-87.70459365,POINT (-87.704593654313 41.824356307608)
15ac633b0a82ad97bee2aafe266bfa3c9790e06815b60457d72372377931de22b553b34a9e6b875e5c2624573cfe5957fa39923244545dfd05de4f657c401e35,JF318914,,44757.75208,30,NO CONTROLS,NO CONTROLS,RAIN,DARKNESS,REAR END,NOT DIVIDED,,STRAIGHT AND LEVEL,WET,NO DEFECTS,ON SCENE,NO INJURY / DRIVE AWAY,,,,$500 OR LESS,44757.75417,EQUIPMENT - VEHICLE CONDITION,WEATHER,7041,S,HALSTED ST,732,,,,,,,2,NO INDICATION OF INJURY,0,0,0,0,0,2,0,18,6,7,41.76580163,-87.64428229,POINT (-87.644282293092 41.765801626807)
7b6a89a30ff5ff5e22aa742f6d068b69a6ec6679ca9a770f66fa78b93a9125cd17975c195bb67ca2decba5785a11be32fd0bce3fa084e90931d1923d149a7260,JA216169,,42832.58333,30,TRAFFIC SIGNAL,FUNCTIONING PROPERLY,CLEAR,DAYLIGHT,TURNING,DIVIDED - W/MEDIAN (NOT RAISED),4,STRAIGHT AND LEVEL,DRY,NO DEFECTS,NOT ON SCENE (DESK REPORT),NO INJURY / DRIVE AWAY,Y,,,"OVER $1,500",42832.69444,UNABLE TO DETERMINE,UNABLE TO DETERMINE,30,W,87TH ST,622,,,,,,,2,NO INDICATION OF INJURY,0,0,0,0,0,2,0,14,6,4,41.73637604,-87.62562131,POINT (-87.625621310926 41.736376036605)
167b827e3fb74430f311e9383650816b6d0340e33d27358d4ac86fc02b1a44623a8c6f0a834d41fc57c455725d251ceac98cf6e06ab802d0a9a7b1255c51505e,JF318392,,44757.46806,30,NO CONTROLS,NO CONTROLS,RAIN,DAYLIGHT,TURNING,DIVIDED - W/MEDIAN (NOT RAISED),,STRAIGHT AND LEVEL,WET,NO DEFECTS,ON SCENE,NO INJURY / DRIVE AWAY,,,Y,$500 OR LESS,44757.46806,IMPROPER TURNING/NO SIGNAL,UNABLE TO DETERMINE,3241,W,NORTH AVE,1422,,,,,,,2,NO INDICATION OF INJURY,0,0,0,0,0,3,0,11,6,7,41.90998202,-87.70865698,POINT (-87.708656981997 41.909982022375)
04c6cd8e4a8ea046cb3d845a7453d2c745f5e93f3515e4cca6998137a81e2276db351d20fc3c340ddb77828e2b9f1d32b8bcfd9df5bb960fb69d61100b251d8b,JF408344,,44827.97222,30,NO CONTROLS,NO CONTROLS,CLEAR,DUSK,REAR END,DIVIDED - W/MEDIAN (NOT RAISED),,STRAIGHT AND LEVEL,DRY,UNKNOWN,ON SCENE,NO INJURY / DRIVE AWAY,,,Y,$500 OR LESS,44828.01736,FOLLOWING TOO CLOSELY,NOT APPLICABLE,620,W,ROOSEVELT RD,124,,,,,,,2,NO INDICATION OF INJURY,0,0,0,0,0,2,0,23,6,9,41.86731759,-87.64304423,POINT (-87.643044227724 41.867317594193)
2c7a48209697d139c27af55e30ea9286bee8e10d822d57b9a9c1ffe1c22e6cd63b2aa29b596452ded73923f72adddfedea7ff48736bdc6eb75e1f9db51ef25b1,JF374627,,44802.45833,30,TRAFFIC SIGNAL,FUNCTIONING PROPERLY,CLEAR,DAYLIGHT,REAR TO FRONT,NOT DIVIDED,,STRAIGHT AND LEVEL,DRY,NO DEFECTS,ON SCENE,NO INJURY / DRIVE AWAY,,,,$500 OR LESS,44802.45833,IMPROPER BACKING,NOT APPLICABLE,7958,S,JEFFERY BLVD,414,,,,,,,2,NO INDICATION OF INJURY,0,0,0,0,0,3,0,11,2,8,41.74987808,-87.57609738,POINT (-87.576097383094 41.749878079759)
7950ac3ded6dfcb36aec484dbf68afec0c5c08d6b5cee46a58dd9f525092aeba0dd023b7c85a2011ff5e43c99401ecd3c1aa1f198063c6e4eada65fcbf06c3cf,JD303230,Y,44031.85417,30,TRAFFIC SIGNAL,FUNCTIONING PROPERLY,CLEAR,"DARKNESS, LIGHTED ROAD",REAR END,DIVIDED - W/MEDIAN (NOT RAISED),,STRAIGHT AND LEVEL,DRY,UNKNOWN,NOT ON SCENE (DESK REPORT),NO INJURY / DRIVE AWAY,Y,,,"OVER $1,500",44031.875,DISTRACTION - FROM INSIDE VEHICLE,UNABLE TO DETERMINE,400,E,GARFIELD BLVD,233,,,,,,,2,NO INDICATION OF INJURY,0,0,0,0,0,2,0,20,1,7,41.79491006,-87.61591569,POINT (-87.615915687849 41.794910056687)
18d2d4d4c5463608ec725403c384037a8e4df075d852a031769db1d46c371efa7ae69a06d86ea4a9b996bb48b8fa541cfc7443c6ae33d6a4f896835bf4d37e1c,JF319698,,44757.0625,30,NO CONTROLS,NO CONTROLS,CLEAR,"DARKNESS, LIGHTED ROAD",PARKED MOTOR VEHICLE,NOT DIVIDED,,STRAIGHT AND LEVEL,DRY,NO DEFECTS,NOT ON SCENE (DESK REPORT),NO INJURY / DRIVE AWAY,,,Y,"$501 - $1,500",44758.55208,IMPROPER OVERTAKING/PASSING,NOT APPLICABLE,5045,W,LE MOYNE ST,2533,,,,,,,2,NO INDICATION OF INJURY,0,0,0,0,0,1,0,1,6,7,41.90761583,-87.75274181,POINT (-87.752741804727 41.907615827741)
7b52dbf9f2c9d013e3cb9190df9d7a5da203236a9d9f82c02a157c3d054856ee651e796cce8e97ee08eb7ce5235883089251ba98d7aaaad603bfce7a7fa4f986,JE105384,,44202.79167,25,NO CONTROLS,NO CONTROLS,CLEAR,"DARKNESS, LIGHTED ROAD",PARKED MOTOR VEHICLE,NOT DIVIDED,,STRAIGHT AND LEVEL,WET,UNKNOWN,ON SCENE,NO INJURY / DRIVE AWAY,,,,$500 OR LESS,44202.79236,UNABLE TO DETERMINE,UNABLE TO DETERMINE,1335,W,WRIGHTWOOD AVE,1932,,,,,,,2,NO INDICATION OF INJURY,0,0,0,0,0,1,0,19,4,1,41.92875605,-87.66237147,POINT (-87.662371471941 41.928756054195)
797fe237b19a1e3365e924358f064e819aa2ba98b00e1004b4cb7c321293ee09058522129009058c33f73aa32640c45374d82e5aea1c39e855ceefd88f1291aa,JA489202,,43031.83333,30,NO CONTROLS,NO CONTROLS,RAIN,"DARKNESS, LIGHTED ROAD",PARKED MOTOR VEHICLE,NOT DIVIDED,,STRAIGHT AND LEVEL,WET,NO DEFECTS,NOT ON SCENE (DESK REPORT),NO INJURY / DRIVE AWAY,,,Y,"$501 - $1,500",43036.41667,UNABLE TO DETERMINE,NOT APPLICABLE,1301,S,HALSTED ST,1232,,,,,,,2,NO INDICATION OF INJURY,0,0,0,0,0,1,0,20,2,10,41.8653607,-87.64671741,POINT (-87.646717410561 41.865360702676)
19f4f5652fedec5b2c1c2a2b9ba5eed2ab885cbdff5b0cc1909f23a122f9a82be687a30e0992766bcc69dbace9dbcff64629b2fd4b430de613de6d5217a5dc03,JF318880,,44757.71875,30,STOP SIGN/FLASHER,FUNCTIONING PROPERLY,RAIN,DAYLIGHT,ANGLE,FOUR WAY,,STRAIGHT AND LEVEL,WET,NO DEFECTS,ON SCENE,NO INJURY / DRIVE AWAY,Y,,,"$501 - $1,500",44757.72431,FAILING TO YIELD RIGHT-OF-WAY,UNABLE TO DETERMINE,182,W,NORTH AVE,1814,,,,,,,2,NO INDICATION OF INJURY,0,0,0,0,0,2,0,17,6,7,41.91127122,-87.63463296,POINT (-87.634632960302 41.911271216682)
1a05f53a7a152f606e132f20a0614bf2f06c886b568acd9a96b6162383041d63b3b0fdf9137c23f96fd21d0d638b465855ddf8ff1e84c2c18d13ea8cf06e3018,JF318414,,44757.45833,30,TRAFFIC SIGNAL,FUNCTIONING PROPERLY,RAIN,DAYLIGHT,REAR END,NOT DIVIDED,,STRAIGHT AND LEVEL,WET,NO DEFECTS,NOT ON SCENE (DESK REPORT),NO INJURY / DRIVE AWAY,Y,,,"OVER $1,500",44757.48472,FOLLOWING TOO CLOSELY,UNABLE TO DETERMINE,1000,S,KOSTNER AVE,1131,,,,,,,2,NO INDICATION OF INJURY,0,0,0,0,0,2,0,11,6,7,41.86895063,-87.73521211,POINT (-87.735212104588 41.868950634211)
1a2971a5aaf2a062ff0ce2f5c2a89ba630a32d7abfa5ae634ac1ac49e463ce9fd2e5c6875886e2dba60e5d63ae1ee8a5a9e6f89c054e50cee37ae5cb7c881c48,JF318692,,44757.62847,30,NO CONTROLS,NO CONTROLS,CLOUDY/OVERCAST,DAYLIGHT,REAR END,NOT DIVIDED,,STRAIGHT AND LEVEL,WET,NO DEFECTS,ON SCENE,INJURY AND / OR TOW DUE TO CRASH,,,,"OVER $1,500",44757.62986,UNABLE TO DETERMINE,UNABLE TO DETERMINE,2932,W,59TH ST,824,,,,,,,3,"REPORTED, NOT EVIDENT",1,0,0,0,1,2,0,15,6,7,41.78645606,-87.69731796,POINT (-87.697317957166 41.78645605761)
1a8d419573fe260f7f25b8038ddf8db8267645e73822f2fa0cec7b594361bdc88f25897368467f56805e5f7748227481b91cc55f8563f7c4a1af5dee71e8346a,JF328605,,44757.43472,30,TRAFFIC SIGNAL,FUNCTIONING PROPERLY,CLEAR,DAYLIGHT,REAR END,DIVIDED - W/MEDIAN (NOT RAISED),,STRAIGHT AND LEVEL,DRY,NO DEFECTS,NOT ON SCENE (DESK REPORT),NO INJURY / DRIVE AWAY,,,,"OVER $1,500",44765.58333,UNABLE TO DETERMINE,NOT APPLICABLE,1601,W,83RD ST,614,,,,,,,2,NO INDICATION OF INJURY,0,0,0,0,0,2,0,10,6,7,41.7429649,-87.66330501,POINT (-87.663305010766 41.742964896086)
1abfddaa044eebcedebd2a2f5d22904c87cfac323144bb043d9c12a719bf6745ae01c081b9cf70fffa80e84c585529b6cca235ed920c9dbbdb4bd7f9f6d61fdf,JF318928,,44757.69444,30,NO CONTROLS,NO CONTROLS,RAIN,DAYLIGHT,REAR END,NOT DIVIDED,,STRAIGHT AND LEVEL,WET,NO DEFECTS,NOT ON SCENE (DESK REPORT),NO INJURY / DRIVE AWAY,,,Y,"OVER $1,500",44757.77083,UNABLE TO DETERMINE,NOT APPLICABLE,23,N,WESTERN AVE,1223,,,,,,,2,NO INDICATION OF INJURY,0,0,0,0,0,2,0,16,6,7,41.88191446,-87.68630385,POINT (-87.686303851898 41.881914460121)
1bad9d85b6a3a5859c108761bf600a46038e6ac982ad0432d47eb00f8a304108dbb35ad58c23b4f9ba1efbdef82ed371fa78aad6089e076666b16e7b6b8b2de6,JF318662,,44757.62639,30,NO CONTROLS,NO CONTROLS,RAIN,DAYLIGHT,TURNING,NOT DIVIDED,,STRAIGHT AND LEVEL,WET,NO DEFECTS,ON SCENE,INJURY AND / OR TOW DUE TO CRASH,,,,"OVER $1,500",44757.62639,UNABLE TO DETERMINE,NOT APPLICABLE,5744,W,55TH ST,811,,,,,,,2,NONINCAPACITATING INJURY,1,0,0,1,0,3,0,15,6,7,41.79276243,-87.76653778,POINT (-87.766537774507 41.792762427738)
7be0ba536e4fd4db7a88d2dc7afb7a1d354d976174d70ccdb0cd7e143544b4002c565bd1bb22dbfee883bd30d7559202e5c9cefc85e8afa9a29302614c02aa07,JD203613,,43927.93611,5,NO CONTROLS,NO CONTROLS,CLEAR,DARKNESS,PEDESTRIAN,DRIVEWAY,,STRAIGHT AND LEVEL,DRY,NO DEFECTS,ON SCENE,INJURY AND / OR TOW DUE TO CRASH,,Y,,$500 OR LESS,43927.93611,NOT APPLICABLE,NOT APPLICABLE,5230,N,LINCOLN AVE,2011,,,,,,,2,"REPORTED, NOT EVIDENT",1,0,0,0,1,1,0,22,2,4,41.9768102,-87.6925621,POINT (-87.692562101121 41.976810199422)
790ca0add2a28fc2cda6d7206992c50ce14359c8892998b5162d91b939e1aae25c68f655d4c17d9cae3e3e2a1b96936c4a2ecbf9cb62ce9240b079cdd325c805,JA550551,,43084.6875,30,TRAFFIC SIGNAL,FUNCTIONING PROPERLY,CLEAR,"DARKNESS, LIGHTED ROAD",REAR END,ONE-WAY,2,STRAIGHT AND LEVEL,DRY,NO DEFECTS,NOT ON SCENE (DESK REPORT),NO INJURY / DRIVE AWAY,Y,,,"OVER $1,500",43084.70764,FOLLOWING TOO CLOSELY,NOT APPLICABLE,1200,W,VAN BUREN ST,1231,,,,,,,2,NO INDICATION OF INJURY,0,0,0,0,0,2,0,16,6,12,41.87662843,-87.65705409,POINT (-87.657054091457 41.876628428249)