CRASH_RECORD_ID,RD_NO,CRASH_DATE_EST_I,CRASH_DATE,POSTED_SPEED_LIMIT,TRAFFIC_CONTROL_DEVICE,DEVICE_CONDITION,WEATHER_CONDITION,LIGHTING_CONDITION,FIRST_CRASH_TYPE,TRAFFICWAY_TYPE,LANE_CNT,ALIGNMENT,ROADWAY_SURFACE_COND,ROAD_DEFECT,REPORT_TYPE,CRASH_TYPE,INTERSECTION_RELATED_I,NOT_RIGHT_OF_WAY_I,HIT_AND_RUN_I,DAMAGE,DATE_POLICE_NOTIFIED,PRIM_CONTRIBUTORY_CAUSE,SEC_CONTRIBUTORY_CAUSE,STREET_NO,STREET_DIRECTION,STREET_NAME,BEAT_OF_OCCURRENCE,PHOTOS_TAKEN_I,STATEMENTS_TAKEN_I,DOORING_I,WORK_ZONE_I,WORK_ZONE_TYPE,WORKERS_PRESENT_I,NUM_UNITS,MOST_SEVERE_INJURY,INJURIES_TOTAL,INJURIES_FATAL,INJURIES_INCAPACITATING,INJURIES_NON_INCAPACITATING,INJURIES_REPORTED_NOT_EVIDENT,INJURIES_NO_INDICATION,INJURIES_UNKNOWN,CRASH_HOUR,CRASH_DAY_OF_WEEK,CRASH_MONTH,LATITUDE,LONGITUDE,LOCATION
24614809490965c93621b289e5de0a1bc962afde040a5048b73f13373c78044d0b1f93d213102c29aaabbc52664bc70db0fad1f1ab2f4f492e00d9f68da3ec6a,JF318893,,44757.71597,30,NO CONTROLS,NO CONTROLS,RAIN,DAYLIGHT,TURNING,DIVIDED - W/MEDIAN (NOT RAISED),,STRAIGHT AND LEVEL,WET,NO DEFECTS,ON SCENE,INJURY AND / OR TOW DUE TO CRASH,Y,,,"OVER $1,500",44757.72917,FAILING TO YIELD RIGHT-OF-WAY,UNABLE TO DETERMINE,4299,N,BROADWAY,1915,,,,,,,2,NO INDICATION OF INJURY,0,0,0,0,0,2,0,17,6,7,41.96004567,-87.65388877,POINT (-87.653888768215 41.960045673104)
2493bf376deaa81f09034321d17e4aab18d4bb54ad332a5a930860bf050dfa9506687ced6eaf1f09a0bbe53b99ec27b79a191041fdee523e6ee56f794f708535,JF332669,,44757.83681,30,NO CONTROLS,NO CONTROLS,CLEAR,DAYLIGHT,REAR TO SIDE,PARKING LOT,,STRAIGHT AND LEVEL,DRY,NO DEFECTS,NOT ON SCENE (DESK REPORT),NO INJURY / DRIVE AWAY,,Y,,"OVER $1,500",44768.76389,UNABLE TO DETERMINE,UNABLE TO DETERMINE,11801,S,AVENUE O,433,,,,,,,2,NO INDICATION OF INJURY,0,0,0,0,0,2,0,20,6,7,41.68085614,-87.5399566,POINT (-87.539956597346 41.680856136277)
24c1e13c9c97a15d998c33a666be4ef651370385e2f09bf471bcc3e9d8ce330abcb7e4a9dd84cbfce5afa358dcbd91585cef364976deb213f97bde7aa2bcbea1,JF318777,,44757.67292,30,NO CONTROLS,NO CONTROLS,RAIN,DAYLIGHT,SIDESWIPE OPPOSITE DIRECTION,NOT DIVIDED,,STRAIGHT AND LEVEL,WET,NO DEFECTS,ON SCENE,NO INJURY / DRIVE AWAY,,,Y,"OVER $1,500",44757.67361,DRIVING SKILLS/KNOWLEDGE/EXPERIENCE,NOT APPLICABLE,7199,S,WOODLAWN AVE,324,,,,,,,2,NO INDICATION OF INJURY,0,0,0,0,0,2,0,16,6,7,41.76420746,-87.59565979,POINT (-87.595659792667 41.764207462806)
2534df716c758927e7fa88eb3aeb6bee367440e7a997b0462bdf01ee8bc99f064e404563eb00a0f4029103d06abc44adfd896b54b91413b750ae08c7b271c733,JF318058,,44757.06181,30,NO CONTROLS,NO CONTROLS,CLEAR,"DARKNESS, LIGHTED ROAD",SIDESWIPE SAME DIRECTION,DIVIDED - W/MEDIAN (NOT RAISED),,STRAIGHT AND LEVEL,DRY,UNKNOWN,ON SCENE,INJURY AND / OR TOW DUE TO CRASH,,,Y,"OVER $1,500",44757.06667,UNABLE TO DETERMINE,NOT APPLICABLE,5800,S,ASHLAND AVE,715,,,,,,,2,NO INDICATION OF INJURY,0,0,0,0,0,2,0,1,6,7,41.78852386,-87.664587,POINT (-87.664587002828 41.788523860512)
255d7faecffd84ea5d30a10c12162ef2a8b3c9a3c8344f48723d29e97a0ba1c0d88a1ea33cbda711e97c9ba51d7dad221323ba78ec996cf96b5f3b8340201a30,JF319680,,44757.93264,30,TRAFFIC SIGNAL,FUNCTIONING PROPERLY,CLEAR,"DARKNESS, LIGHTED ROAD",TURNING,FOUR WAY,,STRAIGHT AND LEVEL,DRY,NO DEFECTS,NOT ON SCENE (DESK REPORT),NO INJURY / DRIVE AWAY,Y,,Y,"OVER $1,500",44759.41667,IMPROPER TURNING/NO SIGNAL,UNABLE TO DETERMINE,9900,S,HALSTED ST,2232,,,,,,,2,NO INDICATION OF INJURY,0,0,0,0,0,2,0,22,6,7,41.71411887,-87.64314541,POINT (-87.643145408182 41.71411886809)
7c227961c6dfe62522cba740693618833a70d9038ba061c920177ce53ea14993d2a91b36ddb1071b6dfc2e8dc4bef027d29362b52d540b7d27f371bee4d9e778,JB172894,,43163.02917,30,NO CONTROLS,NO CONTROLS,CLEAR,DARKNESS,PARKED MOTOR VEHICLE,NOT DIVIDED,,STRAIGHT AND LEVEL,DRY,NO DEFECTS,ON SCENE,NO INJURY / DRIVE AWAY,,,,"OVER $1,500",43163.02917,IMPROPER LANE USAGE,NOT APPLICABLE,5719,S,STATE ST,232,,,,,,,2,NO INDICATION OF INJURY,0,0,0,0,0,1,0,0,1,3,41.79040999,-87.62544535,POINT (-87.625445347549 41.790409986361)
7ac1118003e54d0ca0890fa6830f5cbeaf43477e435fae95d8e28f4ce5364847ea053ad3e84a9f4dc30c8b114921f9ee75b7fabdb581027b3637765a723d5f2c,JB174537,,43164.60417,30,TRAFFIC SIGNAL,UNKNOWN,CLEAR,DAYLIGHT,TURNING,ONE-WAY,4,STRAIGHT AND LEVEL,DRY,UNKNOWN,NOT ON SCENE (DESK REPORT),NO INJURY / DRIVE AWAY,,,,$500 OR LESS,43164.61458,DISREGARDING ROAD MARKINGS,NOT APPLICABLE,500,S,WELLS ST,123,,,,,,,2,NO INDICATION OF INJURY,0,0,0,0,0,2,0,14,2,3,41.87553265,-87.63380389,POINT (-87.633803891217 41.875532652069)
7a20752f71e23e12bb2f1a3d760d72572c775e7bb697bdb81ad09a83f2c178ba88f5be109ca9f238eec9a7b4f4243199c230fdb3102d2e1f5170d14fc8d6e195,JF107185,,44569.88403,30,TRAFFIC SIGNAL,FUNCTIONING PROPERLY,FREEZING RAIN/DRIZZLE,"DARKNESS, LIGHTED ROAD",REAR END,FOUR WAY,,STRAIGHT AND LEVEL,ICE,UNKNOWN,ON SCENE,INJURY AND / OR TOW DUE TO CRASH,,,Y,"OVER $1,500",44569.88472,FAILING TO REDUCE SPEED TO AVOID CRASH,WEATHER,7100,S,DAMEN AVE,735,,,,,,,2,NO INDICATION OF INJURY,0,0,0,0,0,2,0,21,7,1,41.76471319,-87.67367849,POINT (-87.673678489303 41.764713187398)
265bf1922a466b27968795b7d80754c4b693f39f9f006c0fe302449af57d396b94bc936804fd299dcfe16b2f59d2ae69cdaeadf47884999560a83e8d5f5b5981,JF319357,,44757.70139,30,TRAFFIC SIGNAL,FUNCTIONING PROPERLY,RAIN,DAYLIGHT,REAR END,FOUR WAY,,STRAIGHT AND LEVEL,WET,NO DEFECTS,NOT ON SCENE (DESK REPORT),NO INJURY / DRIVE AWAY,,,Y,"OVER $1,500",44758.29167,FOLLOWING TOO CLOSELY,UNABLE TO DETERMINE,7600,S,ASHLAND AVE,611,,,,,,,2,NO INDICATION OF INJURY,0,0,0,0,0,2,0,16,6,7,41.75571944,-87.66371778,POINT (-87.663717784195 41.755719440847)
3cc68925972bfb43c04180fddbe5ac058bfc805bc5554d4d0f841a8e24a4cd3e7198d968cb353115b568b8ea7e0557f0562e00d151a259dc716c981471392648,JF376390,,44802.66667,30,STOP SIGN/FLASHER,FUNCTIONING PROPERLY,CLEAR,DAYLIGHT,SIDESWIPE SAME DIRECTION,DIVIDED - W/MEDIAN BARRIER,,STRAIGHT AND LEVEL,DRY,NO DEFECTS,NOT ON SCENE (DESK REPORT),NO INJURY / DRIVE AWAY,,,Y,"$501 - $1,500",44803.66806,IMPROPER OVERTAKING/PASSING,UNABLE TO DETERMINE,3829,W,IRVING PARK RD,1732,,,,,,,2,NO INDICATION OF INJURY,0,0,0,0,0,2,0,16,2,8,41.9535959,-87.72387668,POINT (-87.723876676773 41.953595903484)
3d70169710c8f86ca0bf82a31a363389d3341e6055b4e0aa1e508b0abba61521178911059fd416649fc5360c00a5a923e00d0d5616d4407b37bcb893b26b3e8f,JF375445,,44802.84722,30,TRAFFIC SIGNAL,FUNCTIONING PROPERLY,CLEAR,"DARKNESS, LIGHTED ROAD",REAR END,FOUR WAY,,STRAIGHT AND LEVEL,DRY,UNKNOWN,ON SCENE,NO INJURY / DRIVE AWAY,,,,"OVER $1,500",44802.85972,FOLLOWING TOO CLOSELY,NOT APPLICABLE,4999,S,PULASKI RD,821,,,,,,,2,NO INDICATION OF INJURY,0,0,0,0,0,2,0,20,2,8,41.80241455,-87.72328066,POINT (-87.723280661338 41.80241455447)
7ab53180ff3fb0f05173392e6b9fc40b54a45c405982bd961401d04cf4181b951f5e17f5cdcdc5ee6248aa27bd3aaa910f908ae4a3a86efa7d76b1a3ff966180,HZ264297,,42504.52083,30,TRAFFIC SIGNAL,FUNCTIONING PROPERLY,CLEAR,DAYLIGHT,REAR END,NOT DIVIDED,2,STRAIGHT AND LEVEL,DRY,NO DEFECTS,NOT ON SCENE (DESK REPORT),NO INJURY / DRIVE AWAY,,,,"OVER $1,500",42504.56597,UNABLE TO DETERMINE,UNABLE TO DETERMINE,1130,S,CICERO AVE,1533,,,,,,,2,NO INDICATION OF INJURY,0,0,0,0,0,5,0,12,7,5,41.86638514,-87.74491683,POINT (-87.7449168289 41.866385137027)
7a4019b12b5c0bdfcd6b2e66ee874ce62e5a05a96986f4a40e6f6d408af46d6aab61b4d417b9e84c7e4994d0caf1dc1ae03bf2596fa5a4cee0fb79c2f83f36d9,JD122763,,43850.95,35,NO CONTROLS,NO CONTROLS,CLEAR,"DARKNESS, LIGHTED ROAD",ANGLE,UNKNOWN INTERSECTION TYPE,,STRAIGHT AND LEVEL,DRY,UNKNOWN,NOT ON SCENE (DESK REPORT),NO INJURY / DRIVE AWAY,Y,,Y,"OVER $1,500",43850.97917,DISREGARDING STOP SIGN,NOT APPLICABLE,3424,W,OGDEN AVE,1021,,,,,,,2,NO INDICATION OF INJURY,0,0,0,0,0,4,0,22,2,1,41.85601529,-87.71131793,POINT (-87.711317932197 41.856015292673)
79370916d91d25c6f03c5eb5c705d030c6a3657643ac545897768cf1c2332e9aae3d6cf1f0a62604686b37fdc84c2a9299a721e108478b13319865c6422ff3d8,JE270049,,44364.99306,10,NO CONTROLS,NO CONTROLS,CLEAR,"DARKNESS, LIGHTED ROAD",PARKED MOTOR VEHICLE,PARKING LOT,,STRAIGHT AND LEVEL,DRY,NO DEFECTS,ON SCENE,NO INJURY / DRIVE AWAY,,,,"$501 - $1,500",44364.99931,UNABLE TO DETERMINE,NOT APPLICABLE,5332,S,KEDZIE AVE,822,,,,,,,2,NO INDICATION OF INJURY,0,0,0,0,0,1,0,23,5,6,41.79614627,-87.70377801,POINT (-87.703778008321 41.796146266087)
290c95f79671714823b1ac2ccbf3864d73c72d4b0342084e7f9f038259e5d92547c92639f747af3f701617d8f93d724f6b014a2b65440415b141734af4d18b66,JF318802,,44757.66667,30,TRAFFIC SIGNAL,FUNCTIONING PROPERLY,RAIN,DAYLIGHT,TURNING,FOUR WAY,,STRAIGHT AND LEVEL,WET,UNKNOWN,,INJURY AND / OR TOW DUE TO CRASH,,,Y,"$501 - $1,500",44757.70833,IMPROPER TURNING/NO SIGNAL,NOT APPLICABLE,600,W,127TH ST,523,,,,,,,3,NONINCAPACITATING INJURY,1,0,0,1,0,2,0,16,6,7,41.66336881,-87.63666753,POINT (-87.636667525519 41.663368814348)
29b58d53227e63b15d27472b5d8213f1ff4d28b9340fcb39364fa8ce5df150de64410ab231315937e28108ce8f5f822adb3152bfc14fd14ad927b40a27b236ce,JF318165,,44757.26042,30,TRAFFIC SIGNAL,FUNCTIONING PROPERLY,CLOUDY/OVERCAST,DAWN,REAR END,DIVIDED - W/MEDIAN (NOT RAISED),,STRAIGHT AND LEVEL,DRY,NO DEFECTS,NOT ON SCENE (DESK REPORT),NO INJURY / DRIVE AWAY,Y,,,"OVER $1,500",44757.275,UNABLE TO DETERMINE,NOT APPLICABLE,1711,W,103RD ST,2212,,,,,,,2,NO INDICATION OF INJURY,0,0,0,0,0,2,0,6,6,7,41.70653741,-87.66529927,POINT (-87.665299264572 41.706537413033)
7a86ad2e8d2b6b881da7d2913e5bb7189b5701aa1bdafa65cb7d42a1d0a99d45318e9ad8ebf2582bdcce39ba87d26718108fc48e43d84d3de47eb39010932799,JA531863,,43070.08333,30,NO CONTROLS,NO CONTROLS,CLEAR,DARKNESS,REAR END,NOT DIVIDED,4,STRAIGHT AND LEVEL,DRY,NO DEFECTS,ON SCENE,INJURY AND / OR TOW DUE TO CRASH,,,Y,"OVER $1,500",43070.08681,FOLLOWING TOO CLOSELY,NOT APPLICABLE,1,W,WACKER DR,111,,,,,,,2,NO INDICATION OF INJURY,0,0,0,0,0,2,0,2,6,12,41.88670423,-87.62805356,POINT (-87.62805355978 41.886704228647)
7ab65525c5c9eb8db6ccdb3bcf0fa359f83574aaa782869a58c0d4f6ee8c84de3db7d30780386d189aff61cd4f3c2b807e1bf99d886e0d77fde4371f2659169e,JC295131,,43622.68056,30,TRAFFIC SIGNAL,UNKNOWN,CLEAR,DAYLIGHT,REAR END,NOT DIVIDED,,STRAIGHT AND LEVEL,UNKNOWN,UNKNOWN,NOT ON SCENE (DESK REPORT),NO INJURY / DRIVE AWAY,Y,,,"OVER $1,500",43622.77083,UNABLE TO DETERMINE,NOT APPLICABLE,658,W,35TH ST,915,,,,,,,2,NO INDICATION OF INJURY,0,0,0,0,0,3,0,16,5,6,41.83089249,-87.64361665,POINT (-87.643616646537 41.83089248487)
79d766987330abe5197b731a73795535d118fcbda6b100d1d3583a616ffb2cb48ef70549ed98799b26f0c47fc8d2955d2a85c77a9de9a6d1e94114a1e9410256,JD336765,,44061.57292,30,NO CONTROLS,NO CONTROLS,CLEAR,DAYLIGHT,SIDESWIPE SAME DIRECTION,NOT DIVIDED,,STRAIGHT AND LEVEL,DRY,NO DEFECTS,ON SCENE,NO INJURY / DRIVE AWAY,,,,"OVER $1,500",44061.59514,IMPROPER LANE USAGE,NOT APPLICABLE,600,S,CENTRAL AVE,1513,,,,,,,3,NO INDICATION OF INJURY,0,0,0,0,0,3,0,13,3,8,41.87277222,-87.76473185,POINT (-87.764731850479 41.872772222189)
29bb1812e2adb7e3aae86f459e98c2fa65b4fab0ae1a45dea6114fb687e1be8f64d63d09df0d69f77a1fa42dc3a59ccfea107f53977a4af99cebde953963ef6d,JF318847,,44757.68611,30,NO CONTROLS,NO CONTROLS,RAIN,DAYLIGHT,REAR END,DIVIDED - W/MEDIAN (NOT RAISED),,STRAIGHT AND LEVEL,WET,NO DEFECTS,NOT ON SCENE (DESK REPORT),NO INJURY / DRIVE AWAY,,,,$500 OR LESS,44757.71875,EQUIPMENT - VEHICLE CONDITION,NOT APPLICABLE,1550,W,MARQUETTE RD,725,,,,,,,2,NO INDICATION OF INJURY,0,0,0,0,0,2,0,16,6,7,41.77230826,-87.66362491,POINT (-87.663624905027 41.772308256732)
78f21ee576534bc770ec2e5af20b139c4c8ad947295d01b2c70f192764b4e786dc4a64f0d15dd680189a60e34d50c6fd5d8e62f528d7f930d6f7134d4f1db4a9,JF221519,,44678.28958,20,STOP SIGN/FLASHER,FUNCTIONING PROPERLY,CLEAR,DAYLIGHT,ANGLE,NOT DIVIDED,,STRAIGHT AND LEVEL,DRY,NO DEFECTS,ON SCENE,NO INJURY / DRIVE AWAY,Y,,Y,"OVER $1,500",44678.29028,DISREGARDING STOP SIGN,FAILING TO YIELD RIGHT-OF-WAY,5900,S,CARPENTER ST,712,Y,,,,,,2,NO INDICATION OF INJURY,0,0,0,0,0,2,0,6,4,4,41.786846,-87.65119239,POINT (-87.651192389305 41.786845997049)
4165d487a3ca7d359b72638b28393bff063c18f30fd48ad2fb98ab72384a3a85fa96c6121d17e912e8ed10cdf39091bb921bf944422433bfa2f7a0daa89970b1,JF374964,,44802.57292,30,NO CONTROLS,NO CONTROLS,RAIN,DAYLIGHT,ANGLE,ONE-WAY,,STRAIGHT AND LEVEL,WET,NO DEFECTS,NOT ON SCENE (DESK REPORT),NO INJURY / DRIVE AWAY,,,,"OVER $1,500",44802.625,FAILING TO YIELD RIGHT-OF-WAY,"VISION OBSCURED (SIGNS, TREE LIMBS, BUILDINGS, ETC.)",7225,S,OAKLEY AVE,832,,,,,,,2,NO INDICATION OF INJURY,0,0,0,0,0,3,0,13,2,8,41.76214089,-87.68047499,POINT (-87.680474988955 41.762140887343)
2ad31dbc859cb7556a31aa9bd79700c5405be70eb98ee372e77be48ab8d5feb1b07d7751e212c8c4904780f0b954fea045c808d047a1a366d27e0e7d9056ed9b,JF318875,,44757.70833,30,NO CONTROLS,NO CONTROLS,RAIN,DAYLIGHT,SIDESWIPE SAME DIRECTION,DIVIDED - W/MEDIAN BARRIER,,STRAIGHT AND LEVEL,WET,NO DEFECTS,ON SCENE,INJURY AND / OR TOW DUE TO CRASH,Y,,,"OVER $1,500",44757.725,IMPROPER OVERTAKING/PASSING,IMPROPER LANE USAGE,1900,N,CLARK ST,1814,,,,,,,2,NO INDICATION OF INJURY,0,0,0,0,0,3,0,17,6,7,41.91662798,-87.63513888,POINT (-87.635138880837 41.916627975092)
426acc97df2236486be05ddb44331810a332fae234156f8b177bf88cf6feec975668decf5dac6273f7ffdf40a5c3248cd67ee0d7fee4d84111c9c44906dbe71d,JF375345,,44802.7875,15,NO CONTROLS,NO CONTROLS,CLEAR,DAYLIGHT,PARKED MOTOR VEHICLE,ONE-WAY,,STRAIGHT AND LEVEL,DRY,NO DEFECTS,ON SCENE,INJURY AND / OR TOW DUE TO CRASH,,,,"OVER $1,500",44802.78819,UNABLE TO DETERMINE,NOT APPLICABLE,942,E,80TH ST,624,,,,,,,2,NO INDICATION OF INJURY,0,0,0,0,0,1,0,18,2,8,41.74961237,-87.60101965,POINT (-87.601019651484 41.749612372005)
2b1b7bf21d0f6474fe03b521319418909f149ef4026885b3d157bb9fee06fb20c010928f25d5ea2cbfa5b1979541739ee4185fad97149a84bba7a6eb14ab8892,JF319050,,44757.83333,35,TRAFFIC SIGNAL,FUNCTIONING PROPERLY,RAIN,DUSK,TURNING,DIVIDED - W/MEDIAN (NOT RAISED),,STRAIGHT AND LEVEL,WET,NO DEFECTS,ON SCENE,INJURY AND / OR TOW DUE TO CRASH,,,,"OVER $1,500",44757.83681,FAILING TO YIELD RIGHT-OF-WAY,FAILING TO YIELD RIGHT-OF-WAY,2399,W,87TH ST,2221,,,,,,,3,NONINCAPACITATING INJURY,1,0,0,1,0,2,0,20,6,7,41.73541894,-87.68240082,POINT (-87.682400818392 41.735418936584)
429bb48b121509a6901257cebee178909dceb3087607f37a54e7dd03283847ec280190219a1b38504c3c5d3a5f0c17b4c574099bc87a56e8a1931285b88c0477,JF374602,,44802.38889,15,NO CONTROLS,NO CONTROLS,CLEAR,DAYLIGHT,FIXED OBJECT,PARKING LOT,,STRAIGHT AND LEVEL,DRY,SHOULDER DEFECT,ON SCENE,NO INJURY / DRIVE AWAY,,,Y,$500 OR LESS,44802.42847,UNABLE TO DETERMINE,NOT APPLICABLE,1820,W,87TH ST,614,,,,,,,1,NO INDICATION OF INJURY,0,0,0,0,0,1,0,9,2,8,41.73582311,-87.66882935,POINT (-87.668829354363 41.735823104634)
79d70f29f969cfdd51888540d2aaadf744b7d67fa352218d01e1168c41308c1595e33d61f7441242a583819bd51dcb67298bc5d7df5bfa3558ba1c623bf79cf9,JB316542,,43272.56667,30,NO CONTROLS,NO CONTROLS,RAIN,DAYLIGHT,SIDESWIPE SAME DIRECTION,NOT DIVIDED,4,STRAIGHT AND LEVEL,WET,NO DEFECTS,ON SCENE,NO INJURY / DRIVE AWAY,,,,"OVER $1,500",43272.57292,IMPROPER OVERTAKING/PASSING,NOT APPLICABLE,112,E,RANDOLPH ST,114,,,,,,,2,NO INDICATION OF INJURY,0,0,0,0,0,2,0,13,5,6,41.88454861,-87.62392953,POINT (-87.623929532169 41.884548605766)
2bc36ac47ab1b4340a082284b7c4f9750b33b561f13d6d543632973308b96b8c4d25820f738c081f452d78d5bec93605b3c5bd97e9164607b1d8b182c595bebd,JF318449,,44757.48958,30,TRAFFIC SIGNAL,FUNCTIONING PROPERLY,RAIN,DAYLIGHT,ANGLE,FOUR WAY,,STRAIGHT AND LEVEL,WET,NO DEFECTS,NOT ON SCENE (DESK REPORT),NO INJURY / DRIVE AWAY,,,Y,"OVER $1,500",44757.5,UNABLE TO DETERMINE,UNABLE TO DETERMINE,7900,S,SOUTH CHICAGO AVE,411,,,,,,,2,NO INDICATION OF INJURY,0,0,0,0,0,2,0,11,6,7,41.75133971,-87.58563227,POINT (-87.585632265652 41.751339704589)
2c676d190af093219f460076d4ea171f07a5951c7e44afd09daa34ae87b1fa2775fa01ffecff4bfce197d94a79d4a5ad6302c95a9daca1e1f0ea70cd793cdc4a,JF318852,,44757.70347,30,TRAFFIC SIGNAL,FUNCTIONING PROPERLY,RAIN,DAYLIGHT,REAR END,NOT DIVIDED,,STRAIGHT AND LEVEL,WET,NO DEFECTS,ON SCENE,NO INJURY / DRIVE AWAY,,,Y,"$501 - $1,500",44757.71875,FAILING TO REDUCE SPEED TO AVOID CRASH,NOT APPLICABLE,5741,N,CLARK ST,2013,,,,,,,2,NO INDICATION OF INJURY,0,0,0,0,0,2,0,16,6,7,41.98658596,-87.66936841,POINT (-87.669368410447 41.986585960039)
2c90ca405ae4fddf660ce7f35a84b0bd9a19e1fb793d03af11bfcfef198a3e48595756d27e33453ee0fd2056d82ba17f628d684bcfe4419792aa12549962b5dc,JF318901,,44757.72917,35,TRAFFIC SIGNAL,FUNCTIONING PROPERLY,RAIN,DAWN,REAR END,DIVIDED - W/MEDIAN BARRIER,,STRAIGHT AND LEVEL,WET,NO DEFECTS,ON SCENE,INJURY AND / OR TOW DUE TO CRASH,,,,"OVER $1,500",44757.73611,WEATHER,UNABLE TO DETERMINE,5730,S,CICERO AVE,813,,,,,,,4,"REPORTED, NOT EVIDENT",3,0,0,0,3,2,0,17,6,7,41.78852513,-87.74160452,POINT (-87.741604516553 41.788525134329)
7a1c5783a095572f8bd9be8e0805f9bf2a76b0102538b8d5578b534b07cc7e16127ecca9c7a40735b3fba7942100d3cfe592fe31f7a40c7dd9488a5f29a00dea,JD134580,,43860.95417,30,UNKNOWN,UNKNOWN,UNKNOWN,"DARKNESS, LIGHTED ROAD",REAR TO FRONT,UNKNOWN INTERSECTION TYPE,,STRAIGHT AND LEVEL,UNKNOWN,UNKNOWN,NOT ON SCENE (DESK REPORT),NO INJURY / DRIVE AWAY,Y,,,"OVER $1,500",43860.95764,NOT APPLICABLE,UNABLE TO DETERMINE,3700,W,CONGRESS PKWY,1133,,,,,,,2,NO INDICATION OF INJURY,0,0,0,0,0,2,0,22,5,1,41.87459484,-87.71813629,POINT (-87.71813628716 41.874594835016)
79c217c1e80b62fad2762487b20f6391f5b13975fc6ed51a92702cebc73ddbeecdae75d461a2f3da5c849d85aa4a8ef3caf8814995c34927319c03867123b51a,JC415354,,43708.9375,30,UNKNOWN,UNKNOWN,CLEAR,"DARKNESS, LIGHTED ROAD",SIDESWIPE SAME DIRECTION,DIVIDED - W/MEDIAN (NOT RAISED),,STRAIGHT AND LEVEL,DRY,UNKNOWN,ON SCENE,INJURY AND / OR TOW DUE TO CRASH,,,,"OVER $1,500",43708.9375,UNABLE TO DETERMINE,NOT APPLICABLE,751,W,CERMAK RD,1235,,,,,,,2,NO INDICATION OF INJURY,0,0,0,0,0,2,0,22,7,8,41.85253714,-87.6464645,POINT (-87.646464504116 41.852537143312)
2f088910a2d230f351d82311ca1c366c547d6fcf6bff6f972e27c8cf1445eff5dbbfb741a63652382ca859fd52c183b8dd0b7c1bd8ff9f346769cedcbe2cca00,JF319231,,44757.97917,30,STOP SIGN/FLASHER,FUNCTIONING PROPERLY,CLEAR,"DARKNESS, LIGHTED ROAD",REAR END,FOUR WAY,,STRAIGHT AND LEVEL,DRY,NO DEFECTS,NOT ON SCENE (DESK REPORT),NO INJURY / DRIVE AWAY,Y,,,"$501 - $1,500",44758.04861,UNABLE TO DETERMINE,UNABLE TO DETERMINE,337,W,CHICAGO AVE,1831,N,,,,,,2,NO INDICATION OF INJURY,0,0,0,0,0,2,0,23,6,7,41.89644296,-87.63709388,POINT (-87.637093875033 41.896442955219)
7adb2a311859d64072435db4c20f7b36d0b031ec10ae99ea8dabe49ee36d3a96a5d01984094a2a74b8b257a0aeee268e3b2a3d04917a083c5ed03bd89c68bc1e,JB363016,Y,43305.40972,15,OTHER REG. SIGN,FUNCTIONING PROPERLY,CLEAR,DAYLIGHT,PARKED MOTOR VEHICLE,PARKING LOT,,STRAIGHT AND LEVEL,DRY,NO DEFECTS,ON SCENE,NO INJURY / DRIVE AWAY,,,Y,"OVER $1,500",43305.46875,UNABLE TO DETERMINE,NOT APPLICABLE,4005,W,NORTH AVE,2534,,,,,,,4,NO INDICATION OF INJURY,0,0,0,0,0,2,0,9,3,7,41.90977329,-87.72658961,POINT (-87.726589604748 41.909773285077)
42f62299f59edf5515df5c412a75053320f5e5ceb4e48ac0d76551bfc994ad6cefabe6261f657743e073d8f0056f8c40c708bd3a99690d42f23938d17bfbb5e0,JF388188,,44812.58681,25,NO CONTROLS,NO CONTROLS,CLEAR,DAYLIGHT,REAR END,ONE-WAY,,STRAIGHT AND LEVEL,DRY,NO DEFECTS,,NO INJURY / DRIVE AWAY,,,,"OVER $1,500",44812.625,UNABLE TO DETERMINE,NOT APPLICABLE,6250,W,57TH ST,811,,,,,,,2,NO INDICATION OF INJURY,0,0,0,0,0,2,0,14,5,9,41.78884308,-87.77883883,POINT (-87.778838829141 41.788843078288)
7b2e965c8cefcb0d45225e3fd1e811ac384296b30a9f73bc69c272440b58ac2d0d9d7af82edec5ab992301bea4eb75530c2b2366274f1ab4eb4a01f8e550afec,JD225709,,43957.61458,30,TRAFFIC SIGNAL,FUNCTIONING PROPERLY,CLEAR,DAYLIGHT,SIDESWIPE SAME DIRECTION,DIVIDED - W/MEDIAN (NOT RAISED),,STRAIGHT AND LEVEL,DRY,NO DEFECTS,ON SCENE,INJURY AND / OR TOW DUE TO CRASH,,,,"OVER $1,500",43957.61597,FAILING TO YIELD RIGHT-OF-WAY,FAILING TO YIELD RIGHT-OF-WAY,8207,S,COTTAGE GROVE AVE,631,,,,,,,2,NONINCAPACITATING INJURY,2,0,0,2,0,3,0,14,4,5,41.74553881,-87.60493008,POINT (-87.604930081428 41.745538810876)