CRASH_RECORD_ID,RD_NO,CRASH_DATE_EST_I,CRASH_DATE,POSTED_SPEED_LIMIT,TRAFFIC_CONTROL_DEVICE,DEVICE_CONDITION,WEATHER_CONDITION,LIGHTING_CONDITION,FIRST_CRASH_TYPE,TRAFFICWAY_TYPE,LANE_CNT,ALIGNMENT,ROADWAY_SURFACE_COND,ROAD_DEFECT,REPORT_TYPE,CRASH_TYPE,INTERSECTION_RELATED_I,NOT_RIGHT_OF_WAY_I,HIT_AND_RUN_I,DAMAGE,DATE_POLICE_NOTIFIED,PRIM_CONTRIBUTORY_CAUSE,SEC_CONTRIBUTORY_CAUSE,STREET_NO,STREET_DIRECTION,STREET_NAME,BEAT_OF_OCCURRENCE,PHOTOS_TAKEN_I,STATEMENTS_TAKEN_I,DOORING_I,WORK_ZONE_I,WORK_ZONE_TYPE,WORKERS_PRESENT_I,NUM_UNITS,MOST_SEVERE_INJURY,INJURIES_TOTAL,INJURIES_FATAL,INJURIES_INCAPACITATING,INJURIES_NON_INCAPACITATING,INJURIES_REPORTED_NOT_EVIDENT,INJURIES_NO_INDICATION,INJURIES_UNKNOWN,CRASH_HOUR,CRASH_DAY_OF_WEEK,CRASH_MONTH,LATITUDE,LONGITUDE,LOCATION
79c457588802cb42c2d4036b6f1d46d915dbb2fcd5a6f79f4b73c4c8b3f98037bb25c6d743da753d9ff3324dc4afbca2f4c13b5f90aa0a53f5fd6c6d75ef6202,JA559721,,43091.70486,35,NO CONTROLS,NO CONTROLS,CLEAR,"DARKNESS, LIGHTED ROAD",REAR END,DIVIDED - W/MEDIAN (NOT RAISED),,STRAIGHT AND LEVEL,DRY,NO DEFECTS,ON SCENE,NO INJURY / DRIVE AWAY,,,Y,"OVER $1,500",43091.72222,UNABLE TO DETERMINE,UNABLE TO DETERMINE,144,W,CONGRESS PKWY,122,,,,,,,2,NO INDICATION OF INJURY,0,0,0,0,0,2,0,16,6,12,41.8757003,-87.63224687,POINT (-87.632246873705 41.875700301192)
797e664ae28155bf27c27e1f1f1e722d621521fd5909d3c30a3bd4c7256d61da3229d34793353b6f8b6b58612b911c434452d7ead0df2f75c7edb7961bc5d320,JB414621,,43342.27222,25,TRAFFIC SIGNAL,FUNCTIONING PROPERLY,CLEAR,DAYLIGHT,REAR END,DIVIDED - W/MEDIAN BARRIER,2,STRAIGHT AND LEVEL,DRY,NO DEFECTS,ON SCENE,NO INJURY / DRIVE AWAY,,,,"OVER $1,500",43342.27569,FOLLOWING TOO CLOSELY,NOT APPLICABLE,1155,S,DAMEN AVE,1231,,,,,,,2,NO INDICATION OF INJURY,0,0,0,0,0,2,0,6,5,8,41.86681566,-87.67610452,POINT (-87.676104516206 41.866815658052)
7c1fc521d313b5c606bd076395615842e735ee5122307bdf56ec8a8b69377947cdd4fc3746ef9b46c5ba6beed4308df83eb98a9a96adbd71ef30029f435aec4c,JA284516,,42885.16667,45,NO CONTROLS,NO CONTROLS,CLEAR,DAWN,FIXED OBJECT,DIVIDED - W/MEDIAN BARRIER,3,"CURVE, LEVEL",DRY,NO DEFECTS,ON SCENE,INJURY AND / OR TOW DUE TO CRASH,,,Y,"OVER $1,500",42885.18403,UNABLE TO DETERMINE,UNABLE TO DETERMINE,5300,S,LAKE SHORE DR SB,234,,,,,,,1,NO INDICATION OF INJURY,0,0,0,0,0,1,0,4,3,5,41.7995694,-87.58154906,POINT (-87.581549060329 41.7995693995)
79b8ca1bfc0dc2decf31b007c59b14796e8ee3a4dd7c8bec4ccc51b75a78a3db19ced8236d05b2727e0e076b726a2938f14111771cdd402589053a9020922da8,JE232243,,44332.78125,15,NO CONTROLS,NO CONTROLS,CLEAR,DAYLIGHT,SIDESWIPE OPPOSITE DIRECTION,DIVIDED - W/MEDIAN BARRIER,,STRAIGHT AND LEVEL,DRY,NO DEFECTS,ON SCENE,NO INJURY / DRIVE AWAY,,,,"OVER $1,500",44332.78194,FAILING TO REDUCE SPEED TO AVOID CRASH,NOT APPLICABLE,1300,S,LAKE SHORE DR E,132,,,,,,,2,NO INDICATION OF INJURY,0,0,0,0,0,4,0,18,1,5,41.86573878,-87.61930392,POINT (-87.619303921929 41.865738774577)
2f3a7c1e5c11aa7ab521cfdd43a70feb5678c373a5588524454daca0e79e66440116b19d07d864307f77378f97ff0dc7b12b0b6462d989a45abe248708a7d71c,JF326627,,44757.77778,30,STOP SIGN/FLASHER,FUNCTIONING PROPERLY,RAIN,DUSK,SIDESWIPE SAME DIRECTION,UNKNOWN INTERSECTION TYPE,,STRAIGHT AND LEVEL,WET,NO DEFECTS,NOT ON SCENE (DESK REPORT),NO INJURY / DRIVE AWAY,Y,,,"$501 - $1,500",44757.97917,UNABLE TO DETERMINE,UNABLE TO DETERMINE,99,N,GREEN ST,1224,,,,,,,2,NO INDICATION OF INJURY,0,0,0,0,0,2,0,18,6,7,41.88306055,-87.64841746,POINT (-87.648417462502 41.883060544659)
2f5e3b221ecc4fdeab518db511001d619ef23474fc07f7fdf233c33816a1c77eaa44dac5f224f89ce76c17e6a23435524e1352009cee92b903867cba0deac10d,JF319643,,44757.86458,30,NO CONTROLS,NO CONTROLS,CLEAR,DARKNESS,ANGLE,NOT DIVIDED,,STRAIGHT AND LEVEL,WET,NO DEFECTS,NOT ON SCENE (DESK REPORT),NO INJURY / DRIVE AWAY,,,Y,"OVER $1,500",44758.52569,FAILING TO YIELD RIGHT-OF-WAY,FAILING TO YIELD RIGHT-OF-WAY,6200,S,DAMEN AVE,714,,,,,,,2,NO INDICATION OF INJURY,0,0,0,0,0,2,0,20,6,7,41.78106808,-87.67409534,POINT (-87.674095337978 41.781068084327)
305694b8e715f52c4e4cd9eead692cd02eb8db8897d44cb1c65e5fd67c71528b6075fe1cb45da709c6d0b5175aa41cec633f9ab70923edf5036d94581d260671,JF319090,,44757.86458,30,NO CONTROLS,NO CONTROLS,RAIN,"DARKNESS, LIGHTED ROAD",SIDESWIPE SAME DIRECTION,DIVIDED - W/MEDIAN (NOT RAISED),,STRAIGHT AND LEVEL,WET,UNKNOWN,NOT ON SCENE (DESK REPORT),NO INJURY / DRIVE AWAY,,,Y,"OVER $1,500",44757.88611,UNABLE TO DETERMINE,UNABLE TO DETERMINE,401,W,DIVERSEY PKWY,1935,,,,,,,2,NO INDICATION OF INJURY,0,0,0,0,0,2,0,20,6,7,41.93279932,-87.6394215,POINT (-87.639421498392 41.932799322255)
7afcf2b2e5d2b514fea46ccf2c52f79bdaaf93b546e67cc02a06d7b9d86e00bd162b699404ba26efb5180d9137052310b04b2d0c53dd640e8352424f29c7dc9a,JE388193,,44465.72361,30,NO CONTROLS,NO CONTROLS,CLEAR,DAYLIGHT,SIDESWIPE SAME DIRECTION,NOT DIVIDED,,STRAIGHT AND LEVEL,DRY,NO DEFECTS,NOT ON SCENE (DESK REPORT),NO INJURY / DRIVE AWAY,Y,,,"OVER $1,500",44465.76389,UNABLE TO DETERMINE,NOT APPLICABLE,2131,W,DIVISION ST,1212,,,,,,,2,NO INDICATION OF INJURY,0,0,0,0,0,2,0,17,1,9,41.90301616,-87.68095453,POINT (-87.680954527173 41.903016155701)
7c3c7084a77f4a8d52b1778a71514ea904c181b9fdadbb66f7de9175844a820fb155e7a8de642cf44d73ce3478d2c15a47c76544b56ca0933615cdd1c8a97d27,JE295727,,44386.56667,30,TRAFFIC SIGNAL,FUNCTIONING PROPERLY,CLEAR,DAYLIGHT,REAR END,NOT DIVIDED,,STRAIGHT AND LEVEL,DRY,NO DEFECTS,ON SCENE,NO INJURY / DRIVE AWAY,,,,"$501 - $1,500",44386.56944,FAILING TO REDUCE SPEED TO AVOID CRASH,NOT APPLICABLE,6414,N,WESTERN AVE,2412,,,,,,,2,NO INDICATION OF INJURY,0,0,0,0,0,3,0,13,6,7,41.9982118,-87.69004591,POINT (-87.690045912036 41.998211796205)
7b916de26f760da214426277e8fc565160d89d8d5fbba7792ec0112dffba091af9d158fb771e0d9da805dbcefbeb0942c7682c0dbd0d0a69df07ca02bab5756f,HY431139,,42267.58333,30,TRAFFIC SIGNAL,FUNCTIONING PROPERLY,CLEAR,DAYLIGHT,REAR END,DIVIDED - W/MEDIAN (NOT RAISED),4,STRAIGHT AND LEVEL,DRY,NO DEFECTS,NOT ON SCENE (DESK REPORT),NO INJURY / DRIVE AWAY,,,,"OVER $1,500",42267.63889,UNABLE TO DETERMINE,NOT APPLICABLE,4600,S,CALIFORNIA AVE,922,,,,,,,2,NO INDICATION OF INJURY,0,0,0,0,0,2,0,14,1,9,41.80999031,-87.69440297,POINT (-87.694402970221 41.80999031358)
7bffe0955a6f3f30e561c55f595bf22be4ea4ddda79bf955b0ba50f17604b6120d25f321333fc33a2d586f155072f51218fad065f12fe896c8fae4a606d71099,JC316980,Y,43637.83333,30,UNKNOWN,UNKNOWN,UNKNOWN,UNKNOWN,PARKED MOTOR VEHICLE,NOT DIVIDED,,STRAIGHT AND LEVEL,DRY,NO DEFECTS,ON SCENE,NO INJURY / DRIVE AWAY,,,Y,"OVER $1,500",43638.49236,UNABLE TO DETERMINE,NOT APPLICABLE,3262,W,ARMITAGE AVE,1413,,,,,,,2,NO INDICATION OF INJURY,0,0,0,0,0,1,0,20,6,6,41.91748061,-87.70946051,POINT (-87.709460505474 41.917480610267)
31677b7e18735e42c449159e4a0e9b1e0d081def3a184b10adee46c7ace30904abb1a2ed215bb1fc1d0beae44a2b40ae68463a4ffdccc1b152dcb55203b20433,JF319108,,44757.76042,30,NO CONTROLS,NO CONTROLS,CLEAR,"DARKNESS, LIGHTED ROAD",ANGLE,NOT DIVIDED,,STRAIGHT AND LEVEL,WET,UNKNOWN,NOT ON SCENE (DESK REPORT),NO INJURY / DRIVE AWAY,Y,,Y,"OVER $1,500",44757.89583,FAILING TO YIELD RIGHT-OF-WAY,NOT APPLICABLE,456,N,OAKLEY BLVD,1221,,,,,,,2,NO INDICATION OF INJURY,0,0,0,0,0,2,0,18,6,7,41.89019163,-87.68438101,POINT (-87.684381004543 41.890191626304)
7b50c14129e6247b27c3af4d067a8949008fcaf871b18203f05785a7c5491258494cb2fcbb51e52286c35a9e03d3b8a1ef186ea44ebd2eecb604dc980ea0eb31,JC541459,,43809.29167,30,NO CONTROLS,NO CONTROLS,CLEAR,DAYLIGHT,PARKED MOTOR VEHICLE,ONE-WAY,,STRAIGHT AND LEVEL,DRY,NO DEFECTS,NOT ON SCENE (DESK REPORT),NO INJURY / DRIVE AWAY,,,Y,"OVER $1,500",43809.38056,UNABLE TO DETERMINE,UNABLE TO DETERMINE,709,N,CHRISTIANA AVE,1121,,,,,,,2,NO INDICATION OF INJURY,0,0,0,0,0,1,0,7,3,12,41.89400945,-87.71002485,POINT (-87.710024852449 41.894009445914)
79918fd977d10da4cd4876e985e709c8ab36e68a5bbaf7b1a5c58927f7d9da1a5460a2090594b1051112b057923f3a3479c7730b6dc82dbce9fc9985bf455997,HZ490306,,42669.72708,25,UNKNOWN,UNKNOWN,RAIN,DUSK,REAR END,DIVIDED - W/MEDIAN (NOT RAISED),4,STRAIGHT AND LEVEL,WET,NO DEFECTS,NOT ON SCENE (DESK REPORT),NO INJURY / DRIVE AWAY,,,,"$501 - $1,500",42669.74861,WEATHER,FOLLOWING TOO CLOSELY,100,S,CICERO AVE,1533,,,,,,,2,NO INDICATION OF INJURY,0,0,0,0,0,2,0,17,4,10,41.87948363,-87.74538917,POINT (-87.745389167854 41.879483633543)
7b70fecd4de65830d4f4173ea216efc08acc3e0452943fd9f48cfdbb817dcd0b8b1359021ff925f6da31c06fe63ac83ba6c77bc284918992e1a4a7640e632ec1,JE449553,,44408.41667,30,NO CONTROLS,NO CONTROLS,CLEAR,DAYLIGHT,PARKED MOTOR VEHICLE,ALLEY,,STRAIGHT AND LEVEL,DRY,NO DEFECTS,NOT ON SCENE (DESK REPORT),NO INJURY / DRIVE AWAY,,,,"$501 - $1,500",44518.70833,IMPROPER BACKING,UNABLE TO DETERMINE,9515,S,EWING AVE,432,,,,,,,2,NO INDICATION OF INJURY,0,0,0,0,0,1,0,10,7,7,41.72257979,-87.53607319,POINT (-87.536073189078 41.722579786102)
7a03ca42d45c82eb64f6e73fb945ceb940fa8315c94fad34603a3ddd66f94c5f8f780ebc5be98ead8bb855cc68604d1d6609fd515c188f9518981d7a8363e977,JF296572,,44739.82292,20,NO CONTROLS,NO CONTROLS,CLEAR,DAYLIGHT,PARKED MOTOR VEHICLE,NOT DIVIDED,,STRAIGHT AND LEVEL,DRY,UNKNOWN,ON SCENE,INJURY AND / OR TOW DUE TO CRASH,,,,"OVER $1,500",44739.83958,IMPROPER BACKING,DRIVING SKILLS/KNOWLEDGE/EXPERIENCE,442,W,37TH PL,915,,,,,,,2,NO INDICATION OF INJURY,0,0,0,0,0,2,0,19,2,6,41.82640885,-87.63796988,POINT (-87.637969879117 41.826408853831)
7c4968be7e747c3161b9cb985ee529ecd2e8a50c1498b0d87d699839c212522974efef214b5c603289d2d46135256b8ba5d214cbbc6b3266350333684c43e435,JB231088,,43208.17708,30,TRAFFIC SIGNAL,FUNCTIONING PROPERLY,RAIN,DAYLIGHT,REAR END,ONE-WAY,2,STRAIGHT AND LEVEL,WET,NO DEFECTS,NOT ON SCENE (DESK REPORT),NO INJURY / DRIVE AWAY,,,,"$501 - $1,500",43210.53403,FOLLOWING TOO CLOSELY,NOT APPLICABLE,200,W,MADISON ST,122,,,,,,,2,NO INDICATION OF INJURY,0,0,0,0,0,2,0,4,4,4,41.88205499,-87.6338999,POINT (-87.633899901163 41.882054989975)
7c0f55d82923bce9935b0478b608c2fdfcdf6b5295741e5f7ec9b6742dc4066457cb3ebe176b8e6061666b5594ed2f2b018ab5d8e2f96abcbc80256c3207fb3a,JC181526,,43535.56944,30,NO CONTROLS,NO CONTROLS,CLEAR,DAYLIGHT,REAR END,NOT DIVIDED,,STRAIGHT AND LEVEL,DRY,NO DEFECTS,NOT ON SCENE (DESK REPORT),NO INJURY / DRIVE AWAY,,,Y,"$501 - $1,500",43535.61736,NOT APPLICABLE,NOT APPLICABLE,6001,S,HARLEM AVE,812,,,,,,,3,NO INDICATION OF INJURY,0,0,0,0,0,3,0,13,2,3,41.78272988,-87.80098576,POINT (-87.800985756446 41.782729879297)
79bd04f188431159bf39d02a1d6c79a688d3771a4cd4375fbe6adc8b0e6df2429f7432e41beb7149184c895663bc18c1897940309dc7d6fc2f9674df2b0d75a9,JB535810,Y,43434.875,20,NO CONTROLS,NO CONTROLS,RAIN,"DARKNESS, LIGHTED ROAD",PARKED MOTOR VEHICLE,NOT DIVIDED,,STRAIGHT AND LEVEL,UNKNOWN,NO DEFECTS,ON SCENE,NO INJURY / DRIVE AWAY,,,Y,"$501 - $1,500",43435.41042,UNABLE TO DETERMINE,HAD BEEN DRINKING (USE WHEN ARREST IS NOT MADE),8540,S,KENTON AVE,834,,,,,,,2,NO INDICATION OF INJURY,0,0,0,0,0,1,0,21,6,11,41.73704116,-87.73622368,POINT (-87.736223681055 41.737041159257)
7a9f6ef1f7dc87aab18c9d333d9db0b7afe6cf77a66d1dcb49620b65d8f695f454d8d272b12e797fd5cec85aad47f69f31233b08476c6268a6e8f48b2cb2699e,JD159847,,43881.82639,20,NO CONTROLS,NO CONTROLS,CLEAR,"DARKNESS, LIGHTED ROAD",ANGLE,T-INTERSECTION,,STRAIGHT AND LEVEL,DRY,NO DEFECTS,NOT ON SCENE (DESK REPORT),NO INJURY / DRIVE AWAY,,,,"$501 - $1,500",43882.60417,FAILING TO REDUCE SPEED TO AVOID CRASH,NOT APPLICABLE,4164,W,WABANSIA AVE,2534,,,,,,,2,NO INDICATION OF INJURY,0,0,0,0,0,2,0,19,5,2,41.91175393,-87.73121243,POINT (-87.731212430154 41.911753930121)
31df3bb6eb8d25fcc0425e0f40c752ac98664dc9063a394ba73368aef088b186b7094ace6303b8ab5cdb12b16934a0c8b2803c5c98f3332d115fbad8ad97171f,JF327611,,44757.875,30,NO CONTROLS,NO CONTROLS,CLEAR,"DARKNESS, LIGHTED ROAD",PARKED MOTOR VEHICLE,NOT DIVIDED,,STRAIGHT AND LEVEL,DRY,NO DEFECTS,NOT ON SCENE (DESK REPORT),NO INJURY / DRIVE AWAY,,,Y,"OVER $1,500",44764.72222,IMPROPER BACKING,UNABLE TO DETERMINE,816,W,27TH ST,913,,,,,,,2,NO INDICATION OF INJURY,0,0,0,0,0,1,0,21,6,7,41.84459881,-87.64715155,POINT (-87.647151545575 41.84459881157)
31edb6cf107c48a6ab6b8de834a2a7ff900506cb95b2676fceb20a1523666258cda1c345720352393b8b70b5c7807d1d45947d6ed322a751affd8816112aec5f,JF318650,,44757.55208,35,STOP SIGN/FLASHER,NO CONTROLS,RAIN,DAYLIGHT,TURNING,TRAFFIC ROUTE,,STRAIGHT AND LEVEL,WET,NO DEFECTS,NOT ON SCENE (DESK REPORT),NO INJURY / DRIVE AWAY,,,,"$501 - $1,500",44757.62917,FAILING TO YIELD RIGHT-OF-WAY,FAILING TO YIELD RIGHT-OF-WAY,932,W,18TH ST,1235,,,,,,,2,NO INDICATION OF INJURY,0,0,0,0,0,2,0,13,6,7,41.85815316,-87.65007635,POINT (-87.650076351268 41.858153160966)
7b0ed99f21f8e89aedd7b16202df89aa1ac9d864fac384e26930b7748622a040b5d4cf2531bb6c38b2e43637ecddec4e271ae436bc67dd1f5da648f7dec6f300,JE224592,,44325.51667,20,STOP SIGN/FLASHER,FUNCTIONING PROPERLY,RAIN,DAYLIGHT,FIXED OBJECT,NOT DIVIDED,,STRAIGHT AND LEVEL,WET,NO DEFECTS,ON SCENE,INJURY AND / OR TOW DUE TO CRASH,,Y,,"OVER $1,500",44325.52431,WEATHER,NOT APPLICABLE,7500,S,PARNELL AVE,621,,,,,,,1,NO INDICATION OF INJURY,0,0,0,0,0,1,0,12,1,5,41.75791874,-87.63858321,POINT (-87.638583206432 41.757918740775)
7c3613ac3b2dc7b785aa8750ca10e8a69ce6bd62276f3987ea112ac9c8068fea0d8b868874573d8a02cad49bffbfc74325dfebe32fc67d22ee946ccccf66d42c,JC451821,,43735.96875,30,NO CONTROLS,NO CONTROLS,RAIN,DARKNESS,SIDESWIPE SAME DIRECTION,NOT DIVIDED,,STRAIGHT AND LEVEL,WET,NO DEFECTS,NOT ON SCENE (DESK REPORT),NO INJURY / DRIVE AWAY,,,,"$501 - $1,500",43736.54375,NOT APPLICABLE,NOT APPLICABLE,5900,S,CICERO AVE,813,,,,,,,2,NO INDICATION OF INJURY,0,0,0,0,0,2,0,23,6,9,41.78564332,-87.74148578,POINT (-87.741485778405 41.785643323876)
7bc185cca14b849b1b6168607a32d422297c86fc1cf2e735b73531fb3df3671e66e885a442d6a863a732551fae15ef87a5cda1177ead8a9283b788ced21ff04e,JA453753,Y,43009.33333,20,NO CONTROLS,NO CONTROLS,CLEAR,DAYLIGHT,PARKED MOTOR VEHICLE,ONE-WAY,2,STRAIGHT AND LEVEL,DRY,NO DEFECTS,ON SCENE,NO INJURY / DRIVE AWAY,,,,"$501 - $1,500",43009.35417,UNABLE TO DETERMINE,UNABLE TO DETERMINE,8645,S,CREGIER AVE,412,,,,,,,2,NO INDICATION OF INJURY,0,0,0,0,0,1,0,8,1,10,41.7374741,-87.58043424,POINT (-87.580434234823 41.737474102231)
7a6121441a3a8d441e9788c3db14750ee8cbe321318ef781e296993919a06fbd20c5a4cb8f0456694748c73c5872834ffb4b62727057a7075084cbf2b008f833,JB464959,,43379.60347,30,NO CONTROLS,NO CONTROLS,CLOUDY/OVERCAST,DAYLIGHT,PEDALCYCLIST,DIVIDED - W/MEDIAN (NOT RAISED),2,STRAIGHT AND LEVEL,DRY,NO DEFECTS,ON SCENE,INJURY AND / OR TOW DUE TO CRASH,,,,$500 OR LESS,43379.62431,IMPROPER OVERTAKING/PASSING,FOLLOWING TOO CLOSELY,850,W,ADDISON ST,1923,,,N,,,,2,INCAPACITATING INJURY,1,0,1,0,0,1,0,14,7,10,41.94740046,-87.65151202,POINT (-87.651512017951 41.947400456376)
4e2c4859210ec936e844c13f040532e1377787fe7c51f0389d0ab6c2758969d39d013428254673d5f972092913a4cb02f8494cac22c68ddabb9dcfa4abc71f2b,JF375359,,44802.75,20,NO CONTROLS,NO CONTROLS,CLEAR,DAYLIGHT,PARKED MOTOR VEHICLE,NOT DIVIDED,,STRAIGHT AND LEVEL,DRY,NO DEFECTS,ON SCENE,NO INJURY / DRIVE AWAY,,Y,,$500 OR LESS,44802.75486,UNABLE TO DETERMINE,NOT APPLICABLE,1401,E,98TH ST,511,,,,,,,2,NO INDICATION OF INJURY,0,0,0,0,0,2,0,18,2,8,41.71734331,-87.59028161,POINT (-87.590281609793 41.717343311835)
33b95bb1d2bb3a7890559b8c823a6d84f52b39755853647428e07900a684904a34585302eb2ae13edb839b08a484bdc66511e1cbc10993bf22fc83a6e00dd093,JF318686,,44757.61458,30,TRAFFIC SIGNAL,FUNCTIONING PROPERLY,RAIN,DAYLIGHT,REAR END,FOUR WAY,,STRAIGHT AND LEVEL,WET,UNKNOWN,ON SCENE,INJURY AND / OR TOW DUE TO CRASH,Y,,,"$501 - $1,500",44757.61667,NOT APPLICABLE,NOT APPLICABLE,4900,S,DR MARTIN LUTHER KING JR DR,224,,,,,,,2,NO INDICATION OF INJURY,0,0,0,0,0,2,0,14,6,7,41.80564871,-87.61664067,POINT (-87.616640667441 41.805648708559)
33d2ed03f5c4150db7db5ba01b29599a6bb1cea160b2d19388a933b883f44b36fd079ecd89cd5fd387e237a9a66e7ba6684949cd00f71b6ac1a83ea381fecb9c,JF318516,,44757.20833,25,NO CONTROLS,NO CONTROLS,CLEAR,DAYLIGHT,PARKED MOTOR VEHICLE,DIVIDED - W/MEDIAN (NOT RAISED),,STRAIGHT AND LEVEL,DRY,NO DEFECTS,ON SCENE,NO INJURY / DRIVE AWAY,,,Y,"$501 - $1,500",44757.52569,UNABLE TO DETERMINE,UNABLE TO DETERMINE,2500,W,CHICAGO AVE,1211,,,,,,,3,NO INDICATION OF INJURY,0,0,0,0,0,1,0,5,6,7,41.89582528,-87.68937132,POINT (-87.689371315689 41.895825283217)
34ba08fe9c3724c7662e990c3e6ad45b44487b52c4b3ad5fab853bf7f78c86304e35c90179d3ddc75216df08f7e0d10e95265bc254f63819524820533d9f960b,JF318413,,44757.47847,30,NO CONTROLS,NO CONTROLS,RAIN,DAYLIGHT,PEDESTRIAN,NOT DIVIDED,,STRAIGHT AND LEVEL,WET,WORN SURFACE,ON SCENE,INJURY AND / OR TOW DUE TO CRASH,,,,"OVER $1,500",44757.48403,WEATHER,FAILING TO YIELD RIGHT-OF-WAY,1144,S,WABASH AVE,123,,,,,,,2,NONINCAPACITATING INJURY,1,0,0,1,0,1,0,11,6,7,41.86792274,-87.62598104,POINT (-87.625981038562 41.867922734561)
7bf49bd66e1f22cf2ff623077557d549d9bcc845bbafc290107157ed841d6e85498db606fffd39481fda5f14ffbb78b436ec0b03b8252752306512bdc0eb8354,JB451662,,43369.54931,30,STOP SIGN/FLASHER,NO CONTROLS,CLEAR,DAYLIGHT,ANGLE,NOT DIVIDED,,STRAIGHT AND LEVEL,DRY,NO DEFECTS,ON SCENE,NO INJURY / DRIVE AWAY,Y,,,"OVER $1,500",43369.55208,FAILING TO YIELD RIGHT-OF-WAY,NOT APPLICABLE,10800,S,AVENUE O,432,,,,,,,2,NO INDICATION OF INJURY,0,0,0,0,0,4,0,13,4,9,41.69904227,-87.54023307,POINT (-87.540233070295 41.699042269751)
5112f818b36259fb47866131187ede7940d30f399cb1900c856e8d0f6b02a26d4f924a31bbdbb101014fe820cd62a4f9fdfdeca1ee75b86f9cbcfc1c8f7f1423,JF376793,,44802.33333,30,TRAFFIC SIGNAL,FUNCTIONING PROPERLY,UNKNOWN,UNKNOWN,REAR END,NOT DIVIDED,,STRAIGHT AND LEVEL,UNKNOWN,UNKNOWN,NOT ON SCENE (DESK REPORT),NO INJURY / DRIVE AWAY,,,,"OVER $1,500",44803.84722,UNABLE TO DETERMINE,NOT APPLICABLE,4005,W,MADISON ST,1115,,,,,,,2,NO INDICATION OF INJURY,0,0,0,0,0,2,0,8,2,8,41.88061235,-87.72594234,POINT (-87.725942339402 41.880612344749)
365d22fb00ae689360fc1cb7af503a667d7f5fbc642764db7e40031efdab28d2dd6943b8420f1160c74df79d6266f6061da22b2ed114435f0fbd1c55eacb08e9,JF318231,,44757.34722,30,STOP SIGN/FLASHER,FUNCTIONING PROPERLY,RAIN,DAYLIGHT,ANGLE,T-INTERSECTION,,STRAIGHT AND LEVEL,WET,NO DEFECTS,ON SCENE,INJURY AND / OR TOW DUE TO CRASH,Y,,,"OVER $1,500",44757.35069,UNABLE TO DETERMINE,UNABLE TO DETERMINE,6099,N,DAMEN AVE,2413,,,,,,,2,"REPORTED, NOT EVIDENT",1,0,0,0,1,1,0,8,6,7,41.99182915,-87.67971256,POINT (-87.67971256173 41.991829150834)
7a8c2be428dc6f3ef0d093c4b8e74871bee547e8b79a6246a9a0815c3d36274a7ab124b638c0a74b6c0a06aa7f776eddba3a38bc6375c94018bc8ea5d3783188,JB476594,,43388.63056,30,TRAFFIC SIGNAL,FUNCTIONING PROPERLY,CLEAR,DAYLIGHT,SIDESWIPE SAME DIRECTION,ONE-WAY,0,STRAIGHT AND LEVEL,DRY,NO DEFECTS,ON SCENE,INJURY AND / OR TOW DUE TO CRASH,Y,,,"OVER $1,500",43388.63194,IMPROPER LANE USAGE,NOT APPLICABLE,3700,S,MICHIGAN AVE,213,,,,,,,2,NO INDICATION OF INJURY,0,0,0,0,0,2,0,15,2,10,41.82737019,-87.62331266,POINT (-87.623312661896 41.827370190184)
799dddc673c5919bbd3b651cfe2ccc613ffb10abbd3e1256058e0a4bf1bd3e01970707be2b88780f388dd92a5ad99d7e933cd691ddd5c8616906948949954be0,JF186932,,44646.22986,30,NO CONTROLS,NO CONTROLS,CLEAR,"DARKNESS, LIGHTED ROAD",PARKED MOTOR VEHICLE,NOT DIVIDED,,STRAIGHT AND LEVEL,DRY,UNKNOWN,ON SCENE,INJURY AND / OR TOW DUE TO CRASH,,,,"OVER $1,500",44646.22986,UNABLE TO DETERMINE,UNABLE TO DETERMINE,514,W,72ND ST,732,,,,,,,2,NO INDICATION OF INJURY,0,0,0,0,0,1,0,5,7,3,41.76359217,-87.63775915,POINT (-87.637759150177 41.763592167896)