CRASH_RECORD_ID,RD_NO,CRASH_DATE_EST_I,CRASH_DATE,POSTED_SPEED_LIMIT,TRAFFIC_CONTROL_DEVICE,DEVICE_CONDITION,WEATHER_CONDITION,LIGHTING_CONDITION,FIRST_CRASH_TYPE,TRAFFICWAY_TYPE,LANE_CNT,ALIGNMENT,ROADWAY_SURFACE_COND,ROAD_DEFECT,REPORT_TYPE,CRASH_TYPE,INTERSECTION_RELATED_I,NOT_RIGHT_OF_WAY_I,HIT_AND_RUN_I,DAMAGE,DATE_POLICE_NOTIFIED,PRIM_CONTRIBUTORY_CAUSE,SEC_CONTRIBUTORY_CAUSE,STREET_NO,STREET_DIRECTION,STREET_NAME,BEAT_OF_OCCURRENCE,PHOTOS_TAKEN_I,STATEMENTS_TAKEN_I,DOORING_I,WORK_ZONE_I,WORK_ZONE_TYPE,WORKERS_PRESENT_I,NUM_UNITS,MOST_SEVERE_INJURY,INJURIES_TOTAL,INJURIES_FATAL,INJURIES_INCAPACITATING,INJURIES_NON_INCAPACITATING,INJURIES_REPORTED_NOT_EVIDENT,INJURIES_NO_INDICATION,INJURIES_UNKNOWN,CRASH_HOUR,CRASH_DAY_OF_WEEK,CRASH_MONTH,LATITUDE,LONGITUDE,LOCATION
7a44840782bd790ecff493e58f69b3b389a6d2e673e69655b5f6838be0fdd32189e75a2986c0fa1f8cfb73fdabe808b67d48dbd0647ab7dee7d2d445b308598f,JD393983,,44112.77083,5,NO CONTROLS,NO CONTROLS,CLEAR,DUSK,PARKED MOTOR VEHICLE,PARKING LOT,,STRAIGHT AND LEVEL,DRY,NO DEFECTS,NOT ON SCENE (DESK REPORT),NO INJURY / DRIVE AWAY,,N,,"OVER $1,500",44113.68681,DRIVING SKILLS/KNOWLEDGE/EXPERIENCE,"OPERATING VEHICLE IN ERRATIC, RECKLESS, CARELESS, NEGLIGENT OR AGGRESSIVE MANNER",7348,S,STONY ISLAND AVE,324,,,,,,,2,NO INDICATION OF INJURY,0,0,0,0,0,2,0,18,5,10,41.76094846,-87.58634092,POINT (-87.586340920103 41.760948456692)
367deb996a77867f4b13f440bada0c67736648b538e15cbcf9cfb9322c41186eef6cf9018c7316b6c9945505d4f69f39456f3652474b96c8bc6ed29afe3bf1b9,JF318919,,44757.55208,30,NO CONTROLS,NO CONTROLS,RAIN,DAYLIGHT,PARKED MOTOR VEHICLE,DIVIDED - W/MEDIAN (NOT RAISED),,STRAIGHT AND LEVEL,WET,UNKNOWN,NOT ON SCENE (DESK REPORT),NO INJURY / DRIVE AWAY,,,Y,"OVER $1,500",44757.76389,UNABLE TO DETERMINE,UNABLE TO DETERMINE,231,S,WELLS ST,122,,,,,,,2,NO INDICATION OF INJURY,0,0,0,0,0,1,0,13,6,7,41.87851644,-87.63359278,POINT (-87.633592777643 41.878516442793)
53522f32efc5f3295a8d6a54bb3f3768646c30d8263eacd83e24b783c69f9069a50152f29e61d08d4870a4039af07fa8962cdebcd18126804fb72a996d86d7f5,JF375922,Y,44802.29167,30,NO CONTROLS,NO CONTROLS,UNKNOWN,UNKNOWN,PARKED MOTOR VEHICLE,ONE-WAY,,STRAIGHT AND LEVEL,UNKNOWN,UNKNOWN,NOT ON SCENE (DESK REPORT),NO INJURY / DRIVE AWAY,,,Y,"OVER $1,500",44803.41667,UNABLE TO DETERMINE,UNABLE TO DETERMINE,3121,N,HAUSSEN CT,2523,,,,,,,2,NO INDICATION OF INJURY,0,0,0,0,0,1,0,7,2,8,41.93768965,-87.72187651,POINT (-87.721876512153 41.937689654466)
36d3c4f95b1aedd50fef9fbfcb486f9e1cc61c83f9ab59a039dd6112f17a526c4edd91d74d87dbba188d06328d852acb0cb07a34ebce9c19ad7275bdbf6a3f67,JF318521,,44757.53403,40,NO CONTROLS,NO CONTROLS,CLEAR,DAYLIGHT,REAR END,DIVIDED - W/MEDIAN BARRIER,,STRAIGHT AND LEVEL,WET,UNKNOWN,ON SCENE,INJURY AND / OR TOW DUE TO CRASH,,,,"OVER $1,500",44757.53472,UNABLE TO DETERMINE,UNABLE TO DETERMINE,3120,S,LAKE SHORE DR SB,211,,,,,,,2,NO INDICATION OF INJURY,0,0,0,0,0,2,0,12,6,7,41.83755352,-87.6084717,POINT (-87.608471696419 41.837553519308)
79b4c537d48bd10d266cab563d5324a4d0187a0892408321397862cf430fb5101b0857809431d5fd9c4af02f5e1c421fd0ed5157f9ca4a139a480411337522c6,JB339023,,43288.19097,30,NO CONTROLS,NO CONTROLS,CLEAR,UNKNOWN,PARKED MOTOR VEHICLE,NOT DIVIDED,,STRAIGHT AND LEVEL,DRY,NO DEFECTS,ON SCENE,INJURY AND / OR TOW DUE TO CRASH,,,Y,"OVER $1,500",43288.19236,UNABLE TO DETERMINE,NOT APPLICABLE,3660,N,LAKE SHORE DR,1925,,,,,,,3,NO INDICATION OF INJURY,0,0,0,0,0,1,0,4,7,7,41.95017257,-87.64454816,POINT (-87.644548158155 41.950172564626)
5379aaa64482b7d3a5f8ae298fc5c50cf916b616baf79fc67030e0d99eb49fbf04e46f1aef0869ee7376bc2c29178e3fc92fe2aa1a8f6092e8ec65b88490c8a8,JF374426,,44802.33681,10,NO CONTROLS,NO CONTROLS,CLEAR,DAYLIGHT,TURNING,NOT DIVIDED,,STRAIGHT AND LEVEL,DRY,UNKNOWN,ON SCENE,INJURY AND / OR TOW DUE TO CRASH,,,,"OVER $1,500",44802.33681,FAILING TO YIELD RIGHT-OF-WAY,NOT APPLICABLE,1831,W,NORWOOD ST,2413,,,,,,,3,NO INDICATION OF INJURY,0,0,0,0,0,8,0,8,2,8,41.99183328,-87.67640116,POINT (-87.676401162223 41.991833278701)
382dc5d006b35cc3401aa955042df21ca3008fd76e2d5f16219a0c3e2e03268174175b7413927e1a30d66137fa1a9a06e960b7115b9bbc71fcf2d4b9d7e80356,JF331208,,44767.65694,30,TRAFFIC SIGNAL,UNKNOWN,CLEAR,DAYLIGHT,ANGLE,DIVIDED - W/MEDIAN (NOT RAISED),,STRAIGHT AND LEVEL,DRY,NO DEFECTS,,INJURY AND / OR TOW DUE TO CRASH,Y,,,"OVER $1,500",44767.70208,UNABLE TO DETERMINE,UNABLE TO DETERMINE,1599,W,GREENLEAF AVE,2423,,,,,,,2,"REPORTED, NOT EVIDENT",1,0,0,0,1,1,0,15,2,7,42.01016628,-87.67000513,POINT (-87.670005124738 42.010166281514)
79cfc5a8ff6457e5eee635fc272242436049df968cf2b4329dbcad4d45faeaed3febce63e32b8550f776ecc8c531cfdb1ce503af04745af80e0a93d30a9c24f4,JB376071,,43314.625,0,NO CONTROLS,NO CONTROLS,CLEAR,DAYLIGHT,PARKED MOTOR VEHICLE,PARKING LOT,0,STRAIGHT AND LEVEL,DRY,NO DEFECTS,NOT ON SCENE (DESK REPORT),NO INJURY / DRIVE AWAY,,,,"$501 - $1,500",43314.64792,UNABLE TO DETERMINE,UNABLE TO DETERMINE,3500,S,ASHLAND AVE,912,,,,,,,2,NO INDICATION OF INJURY,0,0,0,0,0,2,0,15,5,8,41.83040813,-87.66571276,POINT (-87.66571275812 41.830408132944)
7b9376f0efe5db7f83d22e9f11b0a0f06c5f293de6e55132d3367069391dc112aa817a564c45213feba18360a397bd04d25c82cc9c72ea7187b1c4cfbd14ea14,HY530500,,42347.44097,30,NO CONTROLS,NO CONTROLS,CLEAR,DAYLIGHT,TURNING,ONE-WAY,1,STRAIGHT AND LEVEL,DRY,NO DEFECTS,NOT ON SCENE (DESK REPORT),NO INJURY / DRIVE AWAY,,,,"OVER $1,500",42347.48264,FAILING TO YIELD RIGHT-OF-WAY,NOT APPLICABLE,1603,N,MONTICELLO AVE,2535,,,,,,,2,NO INDICATION OF INJURY,0,0,0,0,0,2,0,10,4,12,41.91013145,-87.71762125,POINT (-87.717621244517 41.910131444787)
3836b14f763dfb6941793911d29333d807582781201a1c86ab464130f25441f3b3ae3c9ddb7ff74ac1d38ba0781911aed948e5f91b16edb331f0388852c7377f,JF318438,,44757.47917,35,TRAFFIC SIGNAL,FUNCTIONING PROPERLY,RAIN,DAYLIGHT,REAR END,NOT DIVIDED,,STRAIGHT AND LEVEL,WET,NO DEFECTS,ON SCENE,NO INJURY / DRIVE AWAY,N,,,$500 OR LESS,44757.48958,FOLLOWING TOO CLOSELY,WEATHER,6300,S,SAYRE AVE,812,,,,,,,2,NO INDICATION OF INJURY,0,0,0,0,0,2,0,11,6,7,41.77736485,-87.79611298,POINT (-87.796112975061 41.777364846629)
565fb8572efe3499ca010303c741d541cfc814a80a89a9de885f7c48db66b925ff29240eb1580946ec57158ec251cc2facbf4c4e652b7536a1b462f01ff32a87,JF374882,,44802.5625,30,TRAFFIC SIGNAL,FUNCTIONING PROPERLY,RAIN,DAYLIGHT,TURNING,NOT DIVIDED,,STRAIGHT AND LEVEL,WET,UNKNOWN,NOT ON SCENE (DESK REPORT),NO INJURY / DRIVE AWAY,Y,,,"OVER $1,500",44802.58333,UNABLE TO DETERMINE,UNABLE TO DETERMINE,1200,N,LARAMIE AVE,2532,,,,,,,2,NO INDICATION OF INJURY,0,0,0,0,0,2,0,13,2,8,41.90229274,-87.75592196,POINT (-87.755921956201 41.902292734662)
7a7d0e2a79c278c43f3d23b3b88123b0b411017ba1ba253f1f5888262fd5a8959db7048b720bc939b28382f1b2659b207dcdf60e4b934e70fb50aab80fd482c2,JB294371,,43256.68056,30,TRAFFIC SIGNAL,FUNCTIONING PROPERLY,CLEAR,DAYLIGHT,REAR END,NOT DIVIDED,,STRAIGHT AND LEVEL,DRY,NO DEFECTS,NOT ON SCENE (DESK REPORT),NO INJURY / DRIVE AWAY,Y,,,"$501 - $1,500",43256.72847,UNABLE TO DETERMINE,UNABLE TO DETERMINE,652,N,STATE ST,1832,,,,,,,3,NO INDICATION OF INJURY,0,0,0,0,0,3,0,16,3,6,41.89402909,-87.62827987,POINT (-87.628279872963 41.894029091289)
38a6852d06a8d8ecdb10121013d35a9b42656070c56aa45d9bf762ac9c412dd886548f0b452eb6a1abfd15d3a196602f4767466d72004db97cc28b0b6b2e0530,JF318190,,44757.28472,30,NO CONTROLS,NO CONTROLS,RAIN,DAYLIGHT,SIDESWIPE SAME DIRECTION,NOT DIVIDED,,STRAIGHT AND LEVEL,WET,NO DEFECTS,ON SCENE,INJURY AND / OR TOW DUE TO CRASH,,,,"OVER $1,500",44757.3125,UNABLE TO DETERMINE,NOT APPLICABLE,731,N,PULASKI RD,1112,,,,,,,2,NONINCAPACITATING INJURY,3,0,0,3,0,1,0,6,6,7,41.89448114,-87.72591004,POINT (-87.725910043327 41.894481136267)
7a9692bc79b8dcaeebbdf9e071c361fd84ac47e83601c4f9c37ab45f6723e964a30ad532660eee2aa068b744d653c1ad6bfe52771fcaba351c9b25d21588bd27,JE302679,,44392.76389,20,NO CONTROLS,NO CONTROLS,CLEAR,DAYLIGHT,PARKED MOTOR VEHICLE,ONE-WAY,,STRAIGHT AND LEVEL,DRY,UNKNOWN,ON SCENE,NO INJURY / DRIVE AWAY,,,Y,"OVER $1,500",44392.77083,NOT APPLICABLE,NOT APPLICABLE,7512,S,MERRILL AVE,414,,,,,,,2,NO INDICATION OF INJURY,0,0,0,0,0,1,0,18,5,7,41.75849027,-87.57262463,POINT (-87.572624631356 41.758490267939)
39a869a0d1881490e51068dfc15bf969f13fc8297264858743c1795da5681db9997cba79615e387b55d61efcca08c235c650f1d62da5bf6c009d1836c6bdf044,JF325096,,44757.6875,30,NO CONTROLS,NO CONTROLS,RAIN,DAYLIGHT,REAR END,DIVIDED - W/MEDIAN (NOT RAISED),,STRAIGHT AND LEVEL,WET,NO DEFECTS,NOT ON SCENE (DESK REPORT),INJURY AND / OR TOW DUE TO CRASH,,,,"OVER $1,500",44762.73611,UNABLE TO DETERMINE,UNABLE TO DETERMINE,3269,W,COLUMBUS AVE,834,,,,,,,2,NONINCAPACITATING INJURY,1,0,0,1,0,1,0,16,6,7,41.74910469,-87.70421436,POINT (-87.704214363336 41.749104692813)
39b2fa92d896a1bc5ef486bf1a0bb58e82934a2316ed3916f00e0b1f80d482ee7730dd1fddcbce7f1fe04ac718f8c0121a7cb62ff649f13ea9d07fad0325c1ac,JF318681,,44757.63194,30,NO CONTROLS,NO CONTROLS,RAIN,DAYLIGHT,TURNING,NOT DIVIDED,,STRAIGHT AND LEVEL,WET,NO DEFECTS,ON SCENE,INJURY AND / OR TOW DUE TO CRASH,,,,"OVER $1,500",44757.63542,FAILING TO YIELD RIGHT-OF-WAY,NOT APPLICABLE,5550,W,CHICAGO AVE,1524,,,,,,,2,NONINCAPACITATING INJURY,1,0,0,1,0,1,0,15,6,7,41.89496518,-87.76530729,POINT (-87.765307287172 41.894965180307)
39f9cca41d86fddbf0a3e70cfd9bd5b2badf1be2586b8b964ba87c27713df4a87db4eee9b621bb125bf96061387838f91c624567f34acb854a240148840c8aad,JF319446,Y,44757.98958,30,UNKNOWN,UNKNOWN,UNKNOWN,UNKNOWN,PARKED MOTOR VEHICLE,NOT DIVIDED,,STRAIGHT AND LEVEL,UNKNOWN,UNKNOWN,NOT ON SCENE (DESK REPORT),NO INJURY / DRIVE AWAY,,,Y,"OVER $1,500",44758.38333,DRIVING SKILLS/KNOWLEDGE/EXPERIENCE,UNABLE TO DETERMINE,2498,W,BALMORAL AVE,2011,,,,,,,2,NO INDICATION OF INJURY,0,0,0,0,0,1,0,23,6,7,41.97962498,-87.69167839,POINT (-87.691678393203 41.979624982842)
3a49a00e3d2cd807884341a24eb0d890c566e043c4b9a481868e2b164131da10579ffc28c1d7335c1803d3d50d61602f3b364d436cdb83e162ccc754c21ba8ec,JF320055,,44757.88542,30,TRAFFIC SIGNAL,FUNCTIONING PROPERLY,CLEAR,DARKNESS,HEAD ON,NOT DIVIDED,,STRAIGHT AND LEVEL,DRY,NO DEFECTS,NOT ON SCENE (DESK REPORT),INJURY AND / OR TOW DUE TO CRASH,Y,,,"OVER $1,500",44758.80208,UNABLE TO DETERMINE,UNABLE TO DETERMINE,800,N,CARPENTER ST,1213,,,,,,,2,NO INDICATION OF INJURY,0,0,0,0,0,2,0,21,6,7,41.8963433,-87.65375427,POINT (-87.653754269712 41.896343298631)
791aa15501eefdf7abec91a44469ac9ed683476b21c9b25bf50bc1b791c58f093dcc0ec7dd4a6bcd66f0de18d902805e028c4eaec0d1e4ada676b446ee56bd7d,JC125128,,43487.22917,30,STOP SIGN/FLASHER,FUNCTIONING PROPERLY,CLOUDY/OVERCAST,"DARKNESS, LIGHTED ROAD",ANGLE,NOT DIVIDED,,STRAIGHT AND LEVEL,WET,NO DEFECTS,ON SCENE,NO INJURY / DRIVE AWAY,Y,,Y,"OVER $1,500",43487.31042,DISREGARDING STOP SIGN,UNABLE TO DETERMINE,2302,W,CERMAK RD,1234,,,,,,,2,NO INDICATION OF INJURY,0,0,0,0,0,2,0,5,3,1,41.8521689,-87.68339218,POINT (-87.683392183054 41.852168902773)
7ae26a8e19451e391fcf43075edf744baf87b2eec9c7835647ee1bfc83234e7404faf5e25fea6ccde958d834ecf508d5226f4a999f05c961fb8767bc10f54cd6,JC524229,,43794.69792,25,NO CONTROLS,NO CONTROLS,CLEAR,DAYLIGHT,PARKED MOTOR VEHICLE,NOT DIVIDED,,STRAIGHT AND LEVEL,DRY,NO DEFECTS,ON SCENE,NO INJURY / DRIVE AWAY,,,,$500 OR LESS,43794.70625,UNABLE TO DETERMINE,UNABLE TO DETERMINE,5015,N,LAWNDALE AVE,1712,,,,,,,2,NO INDICATION OF INJURY,0,0,0,0,0,1,0,16,2,11,41.97245376,-87.7206617,POINT (-87.720661699987 41.9724537626)
7a6f7e7bc2844f1660e2ab50480a8adf902e2072f8d4f3d94bdb0a13a03765abc80523c4b71b9136b0aa8e0666d4c35c666b02e28ef8e5beacca0906ed8dc7df,JF232425,,44687.46875,30,TRAFFIC SIGNAL,FUNCTIONING PROPERLY,RAIN,DAYLIGHT,TURNING,DIVIDED - W/MEDIAN BARRIER,,STRAIGHT AND LEVEL,WET,NO DEFECTS,NOT ON SCENE (DESK REPORT),NO INJURY / DRIVE AWAY,Y,,Y,$500 OR LESS,44687.58681,FAILING TO YIELD RIGHT-OF-WAY,NOT APPLICABLE,10501,S,INDIANAPOLIS AVE,432,,,,,,,2,NO INDICATION OF INJURY,0,0,0,0,0,2,0,11,6,5,41.70453294,-87.52593346,POINT (-87.525933460323 41.704532934761)
798955608501ac56a294adc93db3391b2e26a8ff14549815a4880e764f0121104c49eedc133def17ccdc9663169f61d15eb944ddad0bc9e6a841546267d8a258,JB542700,,43438.74306,30,TRAFFIC SIGNAL,FUNCTIONING PROPERLY,CLEAR,DARKNESS,FIXED OBJECT,NOT DIVIDED,4,STRAIGHT AND LEVEL,UNKNOWN,UNKNOWN,NOT ON SCENE (DESK REPORT),INJURY AND / OR TOW DUE TO CRASH,,,,"$501 - $1,500",43440.70208,DISTRACTION - FROM OUTSIDE VEHICLE,DRIVING SKILLS/KNOWLEDGE/EXPERIENCE,280,W,FULLERTON DR,1935,,,,,,,1,NO INDICATION OF INJURY,0,0,0,0,0,1,0,17,3,12,41.92577739,-87.63617652,POINT (-87.636176517112 41.925777386029)
7ba72eae5b97f07e6dc10a830ac9e133c9f4735d98fb312030294943f9af38c4b6ee30f7930d941e8d7ea56ff1363a02e7511839dbb11093b577a2b66c0ba3d6,JC140041,,43500.66597,30,TRAFFIC SIGNAL,FUNCTIONING PROPERLY,CLOUDY/OVERCAST,DAYLIGHT,REAR END,DIVIDED - W/MEDIAN (NOT RAISED),2,STRAIGHT AND LEVEL,WET,NO DEFECTS,ON SCENE,NO INJURY / DRIVE AWAY,,,Y,"OVER $1,500",43500.66875,FOLLOWING TOO CLOSELY,FOLLOWING TOO CLOSELY,1615,W,TAYLOR ST,1231,,,,,,,2,NO INDICATION OF INJURY,0,0,0,0,0,2,0,15,2,2,41.86914186,-87.66714335,POINT (-87.667143346036 41.869141863159)
3b6433e9b96e2ba2d3008cd0dc7c9d2eae4478f2562b8853d7530d21624140eba89f5b54aa2c0f6369f937331d26d7df6d018f6a24198f40a338c86772b9c212,JF318742,,44757.60069,30,STOP SIGN/FLASHER,FUNCTIONING PROPERLY,RAIN,DAYLIGHT,ANGLE,NOT DIVIDED,,STRAIGHT AND LEVEL,WET,NO DEFECTS,ON SCENE,INJURY AND / OR TOW DUE TO CRASH,Y,,,"OVER $1,500",44757.61667,DISREGARDING STOP SIGN,DISTRACTION - FROM OUTSIDE VEHICLE,6200,N,ARTESIAN AVE,2413,,,,,,,2,NONINCAPACITATING INJURY,1,0,0,1,0,1,0,14,6,7,41.99416715,-87.69114342,POINT (-87.691143422768 41.994167149282)
5c7d3d55569dbe3f102093b61333c3d8a1bda86c307698898e543c50c67bc4b49271145b10305fa108f4ee10c034f93c6fef92ecdedbb0cda29493a1f2c21246,JF375460,,44802.28472,30,NO CONTROLS,NO CONTROLS,CLEAR,DAYLIGHT,ANGLE,ALLEY,,STRAIGHT AND LEVEL,DRY,NO DEFECTS,NOT ON SCENE (DESK REPORT),NO INJURY / DRIVE AWAY,,,,"OVER $1,500",44802.88958,FAILING TO YIELD RIGHT-OF-WAY,NOT APPLICABLE,5949,W,HIGGINS AVE,1622,,,,,,,2,NO INDICATION OF INJURY,0,0,0,0,0,2,0,6,2,8,41.97293449,-87.77778665,POINT (-87.777786652005 41.972934494238)
3c50e7c25538330642b6533b7aafd01fbc60c6165e9903e2536d56ecf77f3b83d563d0cfc9e0bc278cba3707d46cfdc4b0c8a11e4db5b30cd6c776b8f0cda2ef,JF319398,,44757.62292,25,STOP SIGN/FLASHER,FUNCTIONING PROPERLY,CLEAR,DAYLIGHT,ANGLE,FOUR WAY,,STRAIGHT AND LEVEL,DRY,UNKNOWN,NOT ON SCENE (DESK REPORT),NO INJURY / DRIVE AWAY,Y,,Y,"OVER $1,500",44758.33333,UNABLE TO DETERMINE,NOT APPLICABLE,2800,E,93RD ST,423,,,,,,,2,NO INDICATION OF INJURY,0,0,0,0,0,2,0,14,6,7,41.72646208,-87.55662668,POINT (-87.556626677431 41.726462082193)
79597f04b4686eefb5e722876c8ddf30e422f6cadd377a34c510e84aec4d9eed4ba64f4ee51d41e449c934041c4d0087a067ff586ae4408c6349689f0e4bff51,JB371706,,43311.55556,30,TRAFFIC SIGNAL,FUNCTIONING PROPERLY,CLEAR,DAYLIGHT,SIDESWIPE SAME DIRECTION,NOT DIVIDED,4,STRAIGHT AND LEVEL,DRY,NO DEFECTS,ON SCENE,NO INJURY / DRIVE AWAY,Y,,,"OVER $1,500",43311.55833,UNABLE TO DETERMINE,NOT APPLICABLE,3900,S,KEDZIE AVE,821,,,,,,,2,NO INDICATION OF INJURY,0,0,0,0,0,2,0,13,2,7,41.82257679,-87.70459757,POINT (-87.704597572764 41.822576787534)
5de6440ece1101ab7012d5ad43f0571828f31b5df3783ea3e9a63cb5ef8df0ca222b63ab6e00d922e42520e69d894d6f918bf455d9deb661d323dc05a68d767b,JF374383,,44802.30208,30,NO CONTROLS,NO CONTROLS,CLEAR,DAYLIGHT,TURNING,NOT DIVIDED,,STRAIGHT AND LEVEL,DRY,NO DEFECTS,NOT ON SCENE (DESK REPORT),NO INJURY / DRIVE AWAY,,,,"OVER $1,500",44802.3125,IMPROPER TURNING/NO SIGNAL,UNABLE TO DETERMINE,7114,S,VINCENNES AVE,731,,,,,,,2,NO INDICATION OF INJURY,0,0,0,0,0,3,0,7,2,8,41.76493689,-87.62832185,POINT (-87.628321853919 41.764936885503)
7a61a8f40bec00472061717a6bc5fae89e5dfb8dd1b5de2059ba7a67bf3828286e41d8b80209b31f5379ca97cd011483b1fba037debe4ba52a1410790d76b55e,JD400410,,44119.66667,30,TRAFFIC SIGNAL,FUNCTIONING PROPERLY,CLEAR,DAYLIGHT,REAR END,DIVIDED - W/MEDIAN (NOT RAISED),,STRAIGHT AND LEVEL,DRY,NO DEFECTS,,INJURY AND / OR TOW DUE TO CRASH,,,,"OVER $1,500",44119.66667,NOT APPLICABLE,NOT APPLICABLE,3021,W,FULLERTON AVE,1414,,,,,,,3,NO INDICATION OF INJURY,0,0,0,0,0,3,0,16,5,10,41.92464489,-87.70315391,POINT (-87.703153907802 41.924644893433)
7ad2be5deefc7de8b1568d0a304e5e94a0a40ab99f06d900b22596a26319697cd30fa4aa17006afba47563253d50a5c25985503295fa20858cc925a128ccdc8e,JB424981,,43349.65972,30,TRAFFIC SIGNAL,FUNCTIONING PROPERLY,CLEAR,DAYLIGHT,TURNING,DIVIDED - W/MEDIAN (NOT RAISED),2,STRAIGHT AND LEVEL,DRY,NO DEFECTS,NOT ON SCENE (DESK REPORT),NO INJURY / DRIVE AWAY,Y,,,"OVER $1,500",43349.70833,FAILING TO YIELD RIGHT-OF-WAY,DRIVING SKILLS/KNOWLEDGE/EXPERIENCE,4300,S,CALIFORNIA AVE,922,,,,,,,2,NO INDICATION OF INJURY,0,0,0,0,0,5,0,15,5,9,41.81544961,-87.6945694,POINT (-87.694569400937 41.815449611067)
634bbdb56dbc7af1ecc69781b5ffba42185c41d4b8cfb77e11c4962e65482d4069cba3d03eeee761f46911c491b753df4720436c22d9124b826ad1f3fad0e635,JF375854,,44802.77083,30,STOP SIGN/FLASHER,NO CONTROLS,CLEAR,DAYLIGHT,PARKED MOTOR VEHICLE,NOT DIVIDED,,STRAIGHT AND LEVEL,DRY,NO DEFECTS,NOT ON SCENE (DESK REPORT),NO INJURY / DRIVE AWAY,,,,"$501 - $1,500",44803.375,DRIVING SKILLS/KNOWLEDGE/EXPERIENCE,NOT APPLICABLE,356,W,HUBBARD ST,1831,,,,,,,2,NO INDICATION OF INJURY,0,0,0,0,0,1,0,18,2,8,41.89004381,-87.63770841,POINT (-87.637708404761 41.89004381178)
7a886046094d04e39b71a28475d6be3b0d138474516a67b578db4e2b1697e3b648022179dea3870dc6a3ccf20358f80e89889235494168d811117378a081bf81,JA188290,,42809.35764,30,TRAFFIC SIGNAL,FUNCTIONING PROPERLY,CLEAR,DAYLIGHT,ANGLE,ONE-WAY,2,STRAIGHT AND LEVEL,DRY,NO DEFECTS,NOT ON SCENE (DESK REPORT),NO INJURY / DRIVE AWAY,N,,,"OVER $1,500",42809.78125,FAILING TO YIELD RIGHT-OF-WAY,UNABLE TO DETERMINE,1010,W,JACKSON BLVD,1232,,,,,,,2,NO INDICATION OF INJURY,0,0,0,0,0,2,0,8,4,3,41.87797122,-87.65241809,POINT (-87.652418088695 41.877971215463)
63d5d6d10fee6c6217590c4d2b7222f7062652bd0f89aa8fa1a69a34520c5758dc2303cd80f3567623f326fe6807c473aec6e262b220add60d1397beb791a627,JF374693,,44802.45833,30,TRAFFIC SIGNAL,FUNCTIONING PROPERLY,CLEAR,DAYLIGHT,TURNING,NOT DIVIDED,,STRAIGHT AND LEVEL,DRY,NO DEFECTS,NOT ON SCENE (DESK REPORT),NO INJURY / DRIVE AWAY,Y,,,"OVER $1,500",44802.47222,UNABLE TO DETERMINE,UNABLE TO DETERMINE,6400,N,RIDGE BLVD,2412,,,,,,,2,NO INDICATION OF INJURY,0,0,0,0,0,2,0,11,2,8,41.99801926,-87.67701946,POINT (-87.677019460109 41.998019258165)
63ee2d71b14544bd16354766c2caa3b9b99942d82d4386c1df3d295f2992c9ec5d240287b2a4ab4e75e3ac31ea7aee5871fea02e09061572025927395df77980,JF375494,,44802.77917,35,TRAFFIC SIGNAL,UNKNOWN,RAIN,UNKNOWN,SIDESWIPE SAME DIRECTION,UNKNOWN,,STRAIGHT AND LEVEL,WET,UNKNOWN,NOT ON SCENE (DESK REPORT),NO INJURY / DRIVE AWAY,,,Y,"OVER $1,500",44802.90625,UNABLE TO DETERMINE,UNABLE TO DETERMINE,6432,W,DEVON AVE,1611,,,,,,,2,NO INDICATION OF INJURY,0,0,0,0,0,2,0,18,2,8,41.99745393,-87.78858104,POINT (-87.78858104187 41.997453924651)
64be87152504891d61f87ae646642a66f0d0df36188b74e55aef1f0d26144e533290a4a512a7f1329aac2e4a772646322bb659f7d5b62fa0a9b6a3edbc32cf4b,JF375353,,44802.79167,20,NO CONTROLS,NO CONTROLS,CLEAR,DAYLIGHT,REAR TO REAR,PARKING LOT,,STRAIGHT AND LEVEL,DRY,NO DEFECTS,NOT ON SCENE (DESK REPORT),NO INJURY / DRIVE AWAY,,,,"$501 - $1,500",44802.80903,UNABLE TO DETERMINE,UNABLE TO DETERMINE,4316,S,ASHLAND AVE,924,,,,,,,2,NO INDICATION OF INJURY,0,0,0,0,0,2,0,19,2,8,41.81532986,-87.66528799,POINT (-87.665287990429 41.815329857961)
5dfd1e8c0b960abab201b8fc1dc8a1fc8e8c48434013f562af4a2d4976c6b05bff2ca1a6950ac5035260c842c8732a6d1ca7458a04ff18ff6152b4cbc90c5ea0,JF386273,,44811.31597,25,STOP SIGN/FLASHER,NOT FUNCTIONING,CLEAR,DAYLIGHT,ANGLE,FOUR WAY,,STRAIGHT AND LEVEL,DRY,NO DEFECTS,,INJURY AND / OR TOW DUE TO CRASH,Y,,Y,"OVER $1,500",44811.31944,DISREGARDING STOP SIGN,FAILING TO YIELD RIGHT-OF-WAY,1712,W,107TH ST,2212,,,,,,,2,NONINCAPACITATING INJURY,2,0,0,2,0,4,0,7,4,9,41.69944968,-87.66505247,POINT (-87.665052474415 41.699449683697)