CRASH_RECORD_ID,RD_NO,CRASH_DATE_EST_I,CRASH_DATE,POSTED_SPEED_LIMIT,TRAFFIC_CONTROL_DEVICE,DEVICE_CONDITION,WEATHER_CONDITION,LIGHTING_CONDITION,FIRST_CRASH_TYPE,TRAFFICWAY_TYPE,LANE_CNT,ALIGNMENT,ROADWAY_SURFACE_COND,ROAD_DEFECT,REPORT_TYPE,CRASH_TYPE,INTERSECTION_RELATED_I,NOT_RIGHT_OF_WAY_I,HIT_AND_RUN_I,DAMAGE,DATE_POLICE_NOTIFIED,PRIM_CONTRIBUTORY_CAUSE,SEC_CONTRIBUTORY_CAUSE,STREET_NO,STREET_DIRECTION,STREET_NAME,BEAT_OF_OCCURRENCE,PHOTOS_TAKEN_I,STATEMENTS_TAKEN_I,DOORING_I,WORK_ZONE_I,WORK_ZONE_TYPE,WORKERS_PRESENT_I,NUM_UNITS,MOST_SEVERE_INJURY,INJURIES_TOTAL,INJURIES_FATAL,INJURIES_INCAPACITATING,INJURIES_NON_INCAPACITATING,INJURIES_REPORTED_NOT_EVIDENT,INJURIES_NO_INDICATION,INJURIES_UNKNOWN,CRASH_HOUR,CRASH_DAY_OF_WEEK,CRASH_MONTH,LATITUDE,LONGITUDE,LOCATION
615307f7415757f2d1affa6f67be3f9754d6ea08a6ccdbfa14d440882c637d96ac4f2209a23e86b5bb70bdcafd96b4a8b3bd6faf96718bdb65e3cae3649062a5,JF389829,,44813.75,30,NO CONTROLS,NO CONTROLS,CLEAR,DAYLIGHT,REAR END,NOT DIVIDED,,STRAIGHT AND LEVEL,DRY,UNKNOWN,,NO INJURY / DRIVE AWAY,,,Y,"OVER $1,500",44813.78542,FOLLOWING TOO CLOSELY,NOT APPLICABLE,3833,W,ARMITAGE AVE,2535,,,,,,,2,NO INDICATION OF INJURY,0,0,0,0,0,2,0,18,6,9,41.9170966,-87.72301043,POINT (-87.723010425112 41.917096599447)
799a16f7cc5e62d4bbfb7f5cdc6fc655c3734c21dc688171e8319a350e71429441e5ceca9044230c33e69a12fd760fa3a1729792a9eb800e6c4c7f5d27b883a0,JB334501,,43285.03472,30,STOP SIGN/FLASHER,FUNCTIONING PROPERLY,CLEAR,"DARKNESS, LIGHTED ROAD",ANGLE,NOT DIVIDED,2,STRAIGHT AND LEVEL,DRY,UNKNOWN,ON SCENE,INJURY AND / OR TOW DUE TO CRASH,Y,,,"OVER $1,500",43285.03681,FAILING TO YIELD RIGHT-OF-WAY,NOT APPLICABLE,5101,S,HERMITAGE AVE,932,,,,,,,2,NO INDICATION OF INJURY,0,0,0,0,0,3,0,0,4,7,41.80119698,-87.6682773,POINT (-87.668277297986 41.801196974639)
7b55685f6f03708b300ce4555b8900d95f5c2206d82745f9666e9cbbb8360ce3a1ae56b15f692de416d8e95286533bb41f20343f738c253d82f1284d5a2f84df,JB499590,,43405.70833,35,TRAFFIC SIGNAL,FUNCTIONING IMPROPERLY,CLEAR,DUSK,TURNING,DIVIDED - W/MEDIAN BARRIER,5,STRAIGHT AND LEVEL,DRY,NO DEFECTS,NOT ON SCENE (DESK REPORT),NO INJURY / DRIVE AWAY,Y,,,"$501 - $1,500",43405.77917,DISREGARDING OTHER TRAFFIC SIGNS,UNABLE TO DETERMINE,6400,N,SHERIDAN RD,2432,,,,,,,2,NO INDICATION OF INJURY,0,0,0,0,0,3,0,17,5,11,41.99821792,-87.66069526,POINT (-87.660695255572 41.998217920532)
7ba0b9f1fc73e559ad9f117c70c17b08aa9cec2094d24265bee5add249f8f460b6e1482897fdbd376ba3c0ae2418111e63e12f888b1104de7895d5f50ce386cd,JA254368,,42862.60417,30,TRAFFIC SIGNAL,FUNCTIONING PROPERLY,CLEAR,DAYLIGHT,ANGLE,NOT DIVIDED,1,STRAIGHT AND LEVEL,DRY,NO DEFECTS,NOT ON SCENE (DESK REPORT),NO INJURY / DRIVE AWAY,,,,"OVER $1,500",42862.68056,UNABLE TO DETERMINE,UNABLE TO DETERMINE,5200,W,WELLINGTON AVE,2514,,,,,,,2,NO INDICATION OF INJURY,0,0,0,0,0,4,0,14,1,5,41.93515989,-87.75668166,POINT (-87.756681654867 41.935159892552)
7a2e6d8560ba3cc0735cce6517a7407b0b3eeec7a08244719e1b4ca51ea3c0ca3ab42836881e533443bc4ca4b49ad456a89a04a48275736c37593eed04bcba29,JE470489,,44538.63889,30,TRAFFIC SIGNAL,FUNCTIONING PROPERLY,CLEAR,DAYLIGHT,ANGLE,DIVIDED - W/MEDIAN (NOT RAISED),,STRAIGHT AND LEVEL,DRY,NO DEFECTS,NOT ON SCENE (DESK REPORT),NO INJURY / DRIVE AWAY,,,,"OVER $1,500",44538.65625,UNABLE TO DETERMINE,UNABLE TO DETERMINE,2808,N,WESTERN AVE,1411,,,,,,,2,NO INDICATION OF INJURY,0,0,0,0,0,4,0,15,4,12,41.93235185,-87.68804498,POINT (-87.688044974908 41.932351848527)
40da4d93c58b2a72b25151b591843459036e16bb60c401b2b8a504084535deb3fd4e7f71ba3a0b22f2661353ca92c26166bf4098f3160bc4b24c604eca9afadf,JF318719,,44757.625,30,TRAFFIC SIGNAL,FUNCTIONING PROPERLY,RAIN,DAYLIGHT,REAR END,DIVIDED - W/MEDIAN (NOT RAISED),,STRAIGHT AND LEVEL,WET,NO DEFECTS,NOT ON SCENE (DESK REPORT),NO INJURY / DRIVE AWAY,,,,"OVER $1,500",44757.65625,UNABLE TO DETERMINE,UNABLE TO DETERMINE,9300,S,STONY ISLAND AVE,413,,,,,,,2,NO INDICATION OF INJURY,0,0,0,0,0,3,0,15,6,7,41.7258881,-87.58555879,POINT (-87.585558785787 41.725888099989)
7c25bbb2326287336a9d2e757c0af630541976967576980f672d55f6d3e910a1392bc6faa809b2a584d1f32f0417aa786c1bccc4142338a9f37e0627224dd777,JC560418,,43824.76944,35,NO CONTROLS,NO CONTROLS,CLEAR,"DARKNESS, LIGHTED ROAD",SIDESWIPE SAME DIRECTION,DIVIDED - W/MEDIAN (NOT RAISED),,STRAIGHT AND LEVEL,DRY,NO DEFECTS,NOT ON SCENE (DESK REPORT),NO INJURY / DRIVE AWAY,,,Y,$500 OR LESS,43825.33333,IMPROPER LANE USAGE,NOT APPLICABLE,6700,S,SOUTH SHORE DR,331,,,,,,,2,NO INDICATION OF INJURY,0,0,0,0,0,2,0,18,4,12,41.77343857,-87.56689931,POINT (-87.566899305833 41.773438566009)
66d8f9d6735ce3ce15facd0dce8d78cf57a7754ca68986576dfd27ba143cba73f08e8d1d76fe2bf769121d776e0d1548b3be10b548c36f703b6d1aeb303d829d,JF374976,,44802.52917,30,NO CONTROLS,NO CONTROLS,CLEAR,DAYLIGHT,TURNING,NOT DIVIDED,,STRAIGHT AND LEVEL,DRY,NO DEFECTS,NOT ON SCENE (DESK REPORT),NO INJURY / DRIVE AWAY,,,,"OVER $1,500",44802.64236,UNABLE TO DETERMINE,UNABLE TO DETERMINE,3124,W,DEVON AVE,2412,,,,,,,2,NO INDICATION OF INJURY,0,0,0,0,0,3,0,12,2,8,41.99752168,-87.70801955,POINT (-87.708019547141 41.997521679982)
671cd8bd78c71a7780484fe6663b267c7ca479e64b436a3d8248877a806450008d7668413b195871bd4de67929bc6136640ee7a14a143d1d0de34d2c9628d1f7,JF374287,,44802.04167,30,NO CONTROLS,NO CONTROLS,CLEAR,"DARKNESS, LIGHTED ROAD",SIDESWIPE SAME DIRECTION,NOT DIVIDED,,STRAIGHT AND LEVEL,DRY,NO DEFECTS,ON SCENE,INJURY AND / OR TOW DUE TO CRASH,,,Y,"OVER $1,500",44802.04167,UNABLE TO DETERMINE,UNABLE TO DETERMINE,3540,E,95TH ST,432,,,,,,,3,NO INDICATION OF INJURY,0,0,0,0,0,3,0,1,2,8,41.72304338,-87.53712819,POINT (-87.537128188041 41.723043382557)
7c3864e4b94fe1ffac09fa111d944eb3172dd95698a08ab621d4eb273f9d0cd4268d0683d50bd4db08450d87e7a4a71f6f0c83bc87429f1494d5d4e05520a88f,JC205869,,43554.85556,30,NO CONTROLS,NO CONTROLS,CLEAR,DARKNESS,REAR END,NOT DIVIDED,,STRAIGHT AND LEVEL,DRY,NO DEFECTS,NOT ON SCENE (DESK REPORT),NO INJURY / DRIVE AWAY,,,,"OVER $1,500",43554.88542,FOLLOWING TOO CLOSELY,NOT APPLICABLE,6300,S,HALSTED ST,723,,,,,,,2,NO INDICATION OF INJURY,0,0,0,0,0,2,0,20,7,3,41.7796575,-87.64493099,POINT (-87.644930992789 41.779657500363)
43809c90c155afbe70a180f099fc9599418795e20beff55d30bf8e6b5824cdc98777734445d71c3c8de2d4f882fea081a009c36909facd7c0c27eb4d48519192,JF319007,,44757.78472,30,TRAFFIC SIGNAL,FUNCTIONING PROPERLY,RAIN,DUSK,TURNING,FOUR WAY,,STRAIGHT AND LEVEL,WET,UNKNOWN,ON SCENE,INJURY AND / OR TOW DUE TO CRASH,Y,,,"OVER $1,500",44757.80347,UNABLE TO DETERMINE,NOT APPLICABLE,2801,N,HARLEM AVE,2511,,,,,,,3,NONINCAPACITATING INJURY,5,0,0,5,0,2,0,18,6,7,41.9309057,-87.80635131,POINT (-87.806351304739 41.930905698546)
449e57fefc7e9616c033aba3f0ad7ac66e6049704e9675d1060059de1049131a44cf2b6a4155dd2cab85470c4a4cdd386b8f6cfc4d5e4366d6c8e91dabbc7082,JF318201,,44757.3125,30,STOP SIGN/FLASHER,FUNCTIONING PROPERLY,RAIN,DAWN,TURNING,NOT DIVIDED,,STRAIGHT AND LEVEL,WET,NO DEFECTS,ON SCENE,NO INJURY / DRIVE AWAY,Y,,Y,"OVER $1,500",44757.31597,FAILING TO REDUCE SPEED TO AVOID CRASH,UNABLE TO DETERMINE,5447,N,MILWAUKEE AVE,1622,,,,,,,2,NO INDICATION OF INJURY,0,0,0,0,0,5,0,7,6,7,41.98061207,-87.77207351,POINT (-87.772073512928 41.980612073844)
796645c8fa17a129b473184601a9204d3a286d9b1212043a422326e1f3d178e4d8c711112d0ecbe8801320c1668c3c2dc4f9ee651fba7d1475e3032e05c29e57,JC250347,,43590.12639,35,TRAFFIC SIGNAL,FUNCTIONING PROPERLY,CLOUDY/OVERCAST,"DARKNESS, LIGHTED ROAD",ANGLE,NOT DIVIDED,,STRAIGHT AND LEVEL,DRY,NO DEFECTS,ON SCENE,INJURY AND / OR TOW DUE TO CRASH,Y,,,"OVER $1,500",43590.17361,FAILING TO YIELD RIGHT-OF-WAY,NOT APPLICABLE,4032,W,MONTROSE AVE,1722,,,,,,,2,NONINCAPACITATING INJURY,1,0,0,1,0,2,0,3,1,5,41.96104205,-87.72921983,POINT (-87.729219828293 41.961042052451)
7c0d4d610b04068daa5554ae6b33f337725f59cc102ce78f814363c5ecc920316ace6585a851203b3bd9672f65ce27a12f74e366f8f5a4fa72b2ab02cc0d371c,HZ502625,,42678.7625,10,NO CONTROLS,UNKNOWN,CLEAR,"DARKNESS, LIGHTED ROAD",TURNING,OTHER,1,STRAIGHT AND LEVEL,DRY,NO DEFECTS,ON SCENE,NO INJURY / DRIVE AWAY,,N,Y,"OVER $1,500",42678.76458,EXCEEDING AUTHORIZED SPEED LIMIT,NOT APPLICABLE,6659,S,WENTWORTH AVE,722,,,,,,,2,NO INDICATION OF INJURY,0,0,0,0,0,2,0,18,6,11,41.77280932,-87.62981979,POINT (-87.629819787263 41.772809318114)
7b0deaf5f898f2251c04c68a2343d76e2f7d13ed7665af2cd31e8ccdc08b50e28f5e5b549d8c0a54477cb95fd88e71584048e1e474706c63f9deb0f3893df237,JC196443,,43546.66319,30,NO CONTROLS,NO CONTROLS,CLEAR,DAYLIGHT,TURNING,NOT DIVIDED,2,STRAIGHT AND LEVEL,DRY,NO DEFECTS,NOT ON SCENE (DESK REPORT),NO INJURY / DRIVE AWAY,,,,"OVER $1,500",43547.44028,FAILING TO REDUCE SPEED TO AVOID CRASH,NOT APPLICABLE,5250,N,NORTHWEST HWY,1622,,,,,,,2,NO INDICATION OF INJURY,0,0,0,0,0,2,0,15,6,3,41.97585272,-87.76986913,POINT (-87.769869134022 41.975852723145)
7b762be43cd58ffed9a1fcc1a48063544ec37b67d369d707e8dc3936cb7ea0214c10273f5beed7daf908f002c60fa42884d54637e8dad8578f8f938547b819ee,JC463437,,43745.57639,30,TRAFFIC SIGNAL,FUNCTIONING PROPERLY,CLEAR,DAYLIGHT,REAR END,NOT DIVIDED,,STRAIGHT AND LEVEL,DRY,NO DEFECTS,NOT ON SCENE (DESK REPORT),NO INJURY / DRIVE AWAY,,,,"OVER $1,500",43745.61111,FOLLOWING TOO CLOSELY,NOT APPLICABLE,499,S,ASHLAND AVE,1231,,,,,,,2,NO INDICATION OF INJURY,0,0,0,0,0,2,0,13,2,10,41.87519547,-87.66648008,POINT (-87.666480084318 41.875195466975)
7a9814f30090d82a51641a865833e0b03d4884cf6f52f3b7ddb5ce5aaa92c48b510444218d81c838c9009fa03ef27ea57be5254133dec96da1b5fc0735fe41ad,JB100525,Y,43100.83333,30,NO CONTROLS,NO CONTROLS,CLEAR,UNKNOWN,PARKED MOTOR VEHICLE,NOT DIVIDED,2,STRAIGHT AND LEVEL,UNKNOWN,UNKNOWN,NOT ON SCENE (DESK REPORT),NO INJURY / DRIVE AWAY,,,Y,$500 OR LESS,43101.49792,UNABLE TO DETERMINE,UNABLE TO DETERMINE,9206,S,DR MARTIN LUTHER KING JR DR,633,N,,,,,,2,NO INDICATION OF INJURY,0,0,0,0,0,1,0,20,1,12,41.72669138,-87.61441349,POINT (-87.614413494325 41.726691383974)
4524c6bf8979e0001cd2e01fca01e2dd1a56adde67e82e1169ce380c6884bc6fe1e13a8227f4182c4304d2855a13aea64edd0bf4ab95ef21ed81dac1f595dd09,JF321639,,44757.69792,30,NO CONTROLS,NO CONTROLS,RAIN,DAYLIGHT,PARKED MOTOR VEHICLE,NOT DIVIDED,,STRAIGHT AND LEVEL,WET,UNKNOWN,NOT ON SCENE (DESK REPORT),NO INJURY / DRIVE AWAY,,,Y,"OVER $1,500",44760.40972,UNABLE TO DETERMINE,NOT APPLICABLE,1335,W,WRIGHTWOOD AVE,1932,,,,,,,2,NO INDICATION OF INJURY,0,0,0,0,0,1,0,16,6,7,41.92875605,-87.66237147,POINT (-87.662371471941 41.928756054195)
69717bcb55e8c49b98d541fbdac6d7a45312140f8fb0ebe2c13cf22c897f9026b3259612aaae803f5ae684f239b858044903e0f5f5ff60eb3145b1214f40bad4,JF375112,,44802.66944,30,STOP SIGN/FLASHER,NO CONTROLS,CLEAR,DAYLIGHT,TURNING,NOT DIVIDED,,STRAIGHT AND LEVEL,DRY,NO DEFECTS,ON SCENE,NO INJURY / DRIVE AWAY,Y,,,$500 OR LESS,44802.67847,IMPROPER OVERTAKING/PASSING,IMPROPER OVERTAKING/PASSING,3099,W,25TH ST,1033,,,,,,,2,NO INDICATION OF INJURY,0,0,0,0,0,3,0,16,2,8,41.8462558,-87.70257488,POINT (-87.702574882831 41.846255801273)
6a0c8f262cf7234ec80ee065619124767a5e9421ec2f2787612c2ff5c9079c5c47e42b2f36cc0e9734b1e38353142f75a87d2fd4fcfc24a496553f3ef3330bc7,JF375289,,44802.65486,40,NO CONTROLS,NO CONTROLS,CLEAR,DAYLIGHT,SIDESWIPE SAME DIRECTION,DIVIDED - W/MEDIAN BARRIER,,STRAIGHT AND LEVEL,WET,UNKNOWN,NOT ON SCENE (DESK REPORT),NO INJURY / DRIVE AWAY,,,,"OVER $1,500",44802.77917,WEATHER,NOT APPLICABLE,900,N,LAKE SHORE DR SB,1833,,,,,,,2,NO INDICATION OF INJURY,0,0,0,0,0,2,0,15,2,8,41.89932228,-87.61873843,POINT (-87.618738433114 41.899322278833)
7a135e05b12f246e043ad5f0f5b210d74a6b639e3940496fd64a3ddd9a320474471a729d29c51b5a8573fbec97fb1ba93fd88fb14e644576045923d03159367d,JF321586,,44760.35347,30,TRAFFIC SIGNAL,FUNCTIONING PROPERLY,CLEAR,DAYLIGHT,TURNING,DIVIDED - W/MEDIAN (NOT RAISED),,STRAIGHT AND LEVEL,DRY,NO DEFECTS,ON SCENE,INJURY AND / OR TOW DUE TO CRASH,,,,"OVER $1,500",44760.38681,UNABLE TO DETERMINE,UNABLE TO DETERMINE,4400,N,CICERO AVE,1623,,,,,,,2,NO INDICATION OF INJURY,0,0,0,0,0,2,0,8,2,7,41.96079002,-87.74768936,POINT (-87.747689358768 41.960790022702)
7945e6959e8023cf29134b694a249794fd336c9092cbc93e1e22e4260933bfe31679c499098aec33d1fbbff74fa83facb762eb8a9d14445d3b19ac0c0b99886b,JD289582,Y,44017.83333,25,NO CONTROLS,NO CONTROLS,CLEAR,DARKNESS,PARKED MOTOR VEHICLE,ONE-WAY,,STRAIGHT AND LEVEL,DRY,NO DEFECTS,NOT ON SCENE (DESK REPORT),NO INJURY / DRIVE AWAY,,,,$500 OR LESS,44019.73125,FOLLOWING TOO CLOSELY,UNABLE TO DETERMINE,5214,S,TROY ST,923,,,,,,,2,NO INDICATION OF INJURY,0,0,0,0,0,1,0,20,1,7,41.79854582,-87.70262818,POINT (-87.702628183527 41.798545816191)
7aa2c1f582bdc5e27244777f1cd6d7969ec36551daf9534a3bfff2f90f67153ef6c14af99f1424d75992ba5e112d61c3c0011c29362d4bfdb61ac7f5f2faeda3,JB549943,,43446.39583,30,NO CONTROLS,NO CONTROLS,CLEAR,DAYLIGHT,OTHER OBJECT,DIVIDED - W/MEDIAN (NOT RAISED),2,STRAIGHT AND LEVEL,DRY,NO DEFECTS,ON SCENE,NO INJURY / DRIVE AWAY,,,Y,$500 OR LESS,43446.42708,IMPROPER OVERTAKING/PASSING,NOT APPLICABLE,10300,S,DAUPHIN AVE,512,,,,Y,CONSTRUCTION,Y,1,NO INDICATION OF INJURY,0,0,0,0,0,1,0,9,4,12,41.70738448,-87.60762446,POINT (-87.60762445965 41.707384478696)
7c4e9b660ce5c32cb666c3c348569588f04a1cc436c9101215fae42a5c6536d401d73f88e60cfb941901ca3c28f259db09e4db6d13c9bad85ec4e4794829d858,JE212285,,44313.88056,30,NO CONTROLS,NO CONTROLS,CLEAR,"DARKNESS, LIGHTED ROAD",PARKED MOTOR VEHICLE,NOT DIVIDED,,STRAIGHT AND LEVEL,DRY,NO DEFECTS,NOT ON SCENE (DESK REPORT),NO INJURY / DRIVE AWAY,,,Y,"OVER $1,500",44313.88125,"OPERATING VEHICLE IN ERRATIC, RECKLESS, CARELESS, NEGLIGENT OR AGGRESSIVE MANNER",NOT APPLICABLE,45,E,101ST ST,511,,,,,,,2,NO INDICATION OF INJURY,0,0,0,0,0,1,0,21,3,4,41.71072317,-87.62181491,POINT (-87.621814910011 41.710723174442)
7a4cc8979d2eb3f27cf48aa96234e51cffcc94045dc29e69c2430e67673846051490accde295d735fa3b61607c2345f5c557f229efd65d5279aadd04b67f98e6,JA262455,,42858.71875,30,NO CONTROLS,NO CONTROLS,CLEAR,DAYLIGHT,REAR END,NOT DIVIDED,2,STRAIGHT AND LEVEL,DRY,NO DEFECTS,NOT ON SCENE (DESK REPORT),NO INJURY / DRIVE AWAY,,,N,"$501 - $1,500",42868.76181,FOLLOWING TOO CLOSELY,FAILING TO REDUCE SPEED TO AVOID CRASH,801,N,CICERO AVE,1111,,,,,,,2,NO INDICATION OF INJURY,0,0,0,0,0,2,0,17,4,5,41.89505399,-87.74566176,POINT (-87.745661761541 41.895053985434)
461ac6de5c1c7674939192157820d32442b4a3017d2b0a1052a2e15d93b77aa2f60795a00bb86337a407ac8141d6bb2548da67ccbeace74cfe2f4dedd1ecb836,JF318026,,44757.01042,30,NO CONTROLS,NO CONTROLS,CLEAR,"DARKNESS, LIGHTED ROAD",PARKED MOTOR VEHICLE,DIVIDED - W/MEDIAN (NOT RAISED),,STRAIGHT ON HILLCREST,DRY,NO DEFECTS,NOT ON SCENE (DESK REPORT),INJURY AND / OR TOW DUE TO CRASH,,,N,"OVER $1,500",44757.03125,NOT APPLICABLE,NOT APPLICABLE,9030,S,HALSTED ST,2223,,,,,,,2,NO INDICATION OF INJURY,0,0,0,0,0,1,0,0,6,7,41.7299019,-87.64359413,POINT (-87.643594129088 41.729901899714)
6de205ea25e13a3c24b92ba73e09a30bfdf25f32c078494d64a9568805c2d6ab4b872e5deee452bef32a7715bc6f833483bc16729d06eedb140df4892c436a91,JF389127,,44802.71875,30,TRAFFIC SIGNAL,FUNCTIONING PROPERLY,CLEAR,DAYLIGHT,REAR END,NOT DIVIDED,,STRAIGHT AND LEVEL,DRY,UNKNOWN,NOT ON SCENE (DESK REPORT),NO INJURY / DRIVE AWAY,,,,"OVER $1,500",44813.43403,FOLLOWING TOO CLOSELY,NOT APPLICABLE,422,W,GRAND AVE,1831,,,,,,,2,NO INDICATION OF INJURY,0,0,0,0,0,2,0,17,2,8,41.89162284,-87.63946496,POINT (-87.639464958258 41.891622834769)
4734f44c9d0c445c6326df2ba7b6a30bebff4dfbbb00e0610808461d8d8e74b86cd22ecbe7262ed445d151ab83e7287b2dd60af54411aaa6a21b35e1050d0ec0,JF318888,,44757.66667,30,FLASHING CONTROL SIGNAL,FUNCTIONING IMPROPERLY,RAIN,DAYLIGHT,REAR END,NOT DIVIDED,,STRAIGHT AND LEVEL,WET,NO DEFECTS,NOT ON SCENE (DESK REPORT),NO INJURY / DRIVE AWAY,Y,,,"$501 - $1,500",44757.74375,FOLLOWING TOO CLOSELY,UNABLE TO DETERMINE,6600,S,ASHLAND AVE,725,,,,,,,2,NO INDICATION OF INJURY,0,0,0,0,0,2,0,16,6,7,41.77391901,-87.66421393,POINT (-87.664213927644 41.77391901084)
79093a53e1610b5a445e4334e4af11d024357d87374f06f3fa6904591794e134973bc16432669497d324b99c0f44dede1a793bebb15a0fb73b88bdd5b70caa76,JF319718,,44758.55556,30,TRAFFIC SIGNAL,FUNCTIONING PROPERLY,CLEAR,DAYLIGHT,REAR END,NOT DIVIDED,,STRAIGHT AND LEVEL,DRY,NO DEFECTS,ON SCENE,INJURY AND / OR TOW DUE TO CRASH,,,,"OVER $1,500",44758.55903,FOLLOWING TOO CLOSELY,DRIVING SKILLS/KNOWLEDGE/EXPERIENCE,5531,S,PULASKI RD,822,,,,,,,3,NONINCAPACITATING INJURY,1,0,0,1,0,3,0,13,7,7,41.79233004,-87.72298623,POINT (-87.722986230219 41.792330039883)
7a656bce66ce93fff616f4297f02235cea1381d1c45edf0aa5070e196e33322e00cfc9d8a719aac80ff29fcaaad8456f2b2a8917d3fdf476d3add5fffaf84426,JB371925,,43311.6875,30,NO CONTROLS,NO CONTROLS,CLEAR,DAYLIGHT,REAR END,DIVIDED - W/MEDIAN BARRIER,2,STRAIGHT AND LEVEL,DRY,NO DEFECTS,ON SCENE,INJURY AND / OR TOW DUE TO CRASH,,,,"$501 - $1,500",43311.69236,FOLLOWING TOO CLOSELY,FOLLOWING TOO CLOSELY,12801,S,HALSTED ST,523,,Y,,,,,2,NO INDICATION OF INJURY,0,0,0,0,0,2,0,16,2,7,41.66132602,-87.64121031,POINT (-87.641210305587 41.661326016282)
7929b3f3fc99b4e3cfdedebba7dbd9e241bedef3805a6e2ad7e79b4b86eb0139f88818029b8123e17ca1fb592090b3367a2e362f52f6e1ac425ca097af630dfe,JE359514,,44441.80903,35,NO CONTROLS,NO CONTROLS,CLEAR,"DARKNESS, LIGHTED ROAD",REAR END,DIVIDED - W/MEDIAN (NOT RAISED),,STRAIGHT AND LEVEL,DRY,UNKNOWN,ON SCENE,NO INJURY / DRIVE AWAY,,,Y,"$501 - $1,500",44441.8125,FOLLOWING TOO CLOSELY,NOT APPLICABLE,1529,N,HALSTED ST,1822,,,,,,,2,NO INDICATION OF INJURY,0,0,0,0,0,2,0,19,5,9,41.9095053,-87.64809335,POINT (-87.648093346394 41.909505297175)
7a83636571fb854a37e0530c8f1c0b173e73e16258dd8ec6cdd69700056dd74f438821811135786529c60cd90569f139273cf51a00db5c5240a0e46230e26901,JD262228,,43988.91875,20,NO CONTROLS,NO CONTROLS,CLEAR,"DARKNESS, LIGHTED ROAD",PARKED MOTOR VEHICLE,ONE-WAY,,STRAIGHT AND LEVEL,DRY,NO DEFECTS,NOT ON SCENE (DESK REPORT),NO INJURY / DRIVE AWAY,,,N,"OVER $1,500",43994.75278,IMPROPER BACKING,UNABLE TO DETERMINE,1516,N,KEDVALE AVE,2534,,,,,,,2,NO INDICATION OF INJURY,0,0,0,0,0,1,0,22,7,6,41.90855486,-87.73030467,POINT (-87.730304664579 41.908554856465)
47475345adb63945e4cb554bd897d06e3e226306056a494e9a4dfabef1218c63f7ccf070c1771f496347a2e72c335aeae060ede4256ff41e012ba46fbcfc8b28,JF318534,,44757.50694,30,STOP SIGN/FLASHER,NO CONTROLS,RAIN,DAYLIGHT,ANGLE,NOT DIVIDED,,STRAIGHT AND LEVEL,WET,NO DEFECTS,NOT ON SCENE (DESK REPORT),NO INJURY / DRIVE AWAY,Y,,,"OVER $1,500",44757.54167,FAILING TO YIELD RIGHT-OF-WAY,NOT APPLICABLE,7035,N,RIDGE BLVD,2424,,,,,,,2,NO INDICATION OF INJURY,0,0,0,0,0,3,0,12,6,7,42.00997698,-87.6821071,POINT (-87.682107098313 42.009976978403)
47d94733049475a421c6a4c08b3311ac96d490ade812735d2846df7cfdc80823861862baed5efa5698859326b4509a25120317c2bc1330b6ebdf646940fb8199,JF319832,,44757.81944,30,NO CONTROLS,NO CONTROLS,CLEAR,"DARKNESS, LIGHTED ROAD",TURNING,NOT DIVIDED,,STRAIGHT AND LEVEL,DRY,NO DEFECTS,NOT ON SCENE (DESK REPORT),NO INJURY / DRIVE AWAY,,,,"OVER $1,500",44758.65278,IMPROPER TURNING/NO SIGNAL,IMPROPER OVERTAKING/PASSING,1800,W,DIVISION ST,1424,,,,,,,2,NO INDICATION OF INJURY,0,0,0,0,0,2,0,19,6,7,41.90337562,-87.67242958,POINT (-87.672429583224 41.903375619156)
487e088d24eb497b830caa3b5ce358b945b1a8aaa8e861448f2faad3d72b12498b877ce159cb514c82932060bd7a85dacc671b9a1ec62f660113ba23e41e4c80,JF318479,,44757.48472,30,NO CONTROLS,NO CONTROLS,RAIN,DAYLIGHT,PARKED MOTOR VEHICLE,DIVIDED - W/MEDIAN (NOT RAISED),,STRAIGHT AND LEVEL,WET,NO DEFECTS,ON SCENE,NO INJURY / DRIVE AWAY,,,Y,$500 OR LESS,44757.5,UNABLE TO DETERMINE,UNABLE TO DETERMINE,4001,W,IRVING PARK RD,1732,,,,,,,2,NO INDICATION OF INJURY,0,0,0,0,0,1,0,11,6,7,41.95353736,-87.72769519,POINT (-87.727695188773 41.953537356864)