CRASH_RECORD_ID,RD_NO,CRASH_DATE_EST_I,CRASH_DATE,POSTED_SPEED_LIMIT,TRAFFIC_CONTROL_DEVICE,DEVICE_CONDITION,WEATHER_CONDITION,LIGHTING_CONDITION,FIRST_CRASH_TYPE,TRAFFICWAY_TYPE,LANE_CNT,ALIGNMENT,ROADWAY_SURFACE_COND,ROAD_DEFECT,REPORT_TYPE,CRASH_TYPE,INTERSECTION_RELATED_I,NOT_RIGHT_OF_WAY_I,HIT_AND_RUN_I,DAMAGE,DATE_POLICE_NOTIFIED,PRIM_CONTRIBUTORY_CAUSE,SEC_CONTRIBUTORY_CAUSE,STREET_NO,STREET_DIRECTION,STREET_NAME,BEAT_OF_OCCURRENCE,PHOTOS_TAKEN_I,STATEMENTS_TAKEN_I,DOORING_I,WORK_ZONE_I,WORK_ZONE_TYPE,WORKERS_PRESENT_I,NUM_UNITS,MOST_SEVERE_INJURY,INJURIES_TOTAL,INJURIES_FATAL,INJURIES_INCAPACITATING,INJURIES_NON_INCAPACITATING,INJURIES_REPORTED_NOT_EVIDENT,INJURIES_NO_INDICATION,INJURIES_UNKNOWN,CRASH_HOUR,CRASH_DAY_OF_WEEK,CRASH_MONTH,LATITUDE,LONGITUDE,LOCATION
48f9d8469bbdb696c1675b093a72cb7606b196a6f22deaac6e896f44d22cd831b606d7376205933ecf621913a079cafc7c7e3a6f6d5a3a6e9893aaca705b76c7,JF318879,,44757.70833,30,NO CONTROLS,NO CONTROLS,RAIN,DAYLIGHT,REAR END,NOT DIVIDED,,STRAIGHT AND LEVEL,WET,NO DEFECTS,ON SCENE,INJURY AND / OR TOW DUE TO CRASH,,,,"OVER $1,500",44757.71875,FOLLOWING TOO CLOSELY,FAILING TO REDUCE SPEED TO AVOID CRASH,8243,S,ASHLAND AVE,614,,,,,,,2,NO INDICATION OF INJURY,0,0,0,0,0,2,0,17,6,7,41.74362139,-87.66311998,POINT (-87.663119982017 41.743621392067)
4913fe884717fb9e88c82efb8bbf24655527504a3ed02e5ed975be96eac3c7bcc56f3f946c778bfab24bc5f4622fc2b30b19fb7ff6c5731ce73f34c5851f61ae,JF318481,,44757.51042,30,STOP SIGN/FLASHER,FUNCTIONING PROPERLY,RAIN,DAYLIGHT,ANGLE,NOT DIVIDED,,STRAIGHT AND LEVEL,WET,NO DEFECTS,ON SCENE,NO INJURY / DRIVE AWAY,Y,,,"OVER $1,500",44757.51042,FAILING TO YIELD RIGHT-OF-WAY,NOT APPLICABLE,5900,S,NARRAGANSETT AVE,811,,,,,,,2,NO INDICATION OF INJURY,0,0,0,0,0,3,0,12,6,7,41.78495121,-87.781684,POINT (-87.781684003862 41.784951209892)
4967dd2695ac5c5d12230391d6338b4309612b2c12eca7194774c29238e4a01f4f6da14895b1d41f1944c7faf6acd17fce729015d78fddc6f831f1900652184d,JF318940,,44757.72986,30,TRAFFIC SIGNAL,FUNCTIONING PROPERLY,RAIN,DAYLIGHT,REAR END,NOT DIVIDED,,STRAIGHT AND LEVEL,WET,NO DEFECTS,ON SCENE,NO INJURY / DRIVE AWAY,Y,,,"OVER $1,500",44757.72986,FAILING TO REDUCE SPEED TO AVOID CRASH,NOT APPLICABLE,957,N,DAMEN AVE,1212,,,,,,,2,NO INDICATION OF INJURY,0,0,0,0,0,3,0,17,6,7,41.89945027,-87.67700579,POINT (-87.677005784542 41.89945026669)
79512da6cdc39213a609fb940f7b748559fbb6df06601805fd162b7cc7892b87b8dba137019ae1223b3ba809a96b00ed5b1b9f9b85ebb02a0fb0b422e6ee57de,JE369415,,44450.375,30,NO CONTROLS,NO CONTROLS,CLEAR,DAYLIGHT,PARKED MOTOR VEHICLE,DIVIDED - W/MEDIAN (NOT RAISED),,STRAIGHT AND LEVEL,DRY,UNKNOWN,NOT ON SCENE (DESK REPORT),NO INJURY / DRIVE AWAY,,,Y,"$501 - $1,500",44450.39583,UNABLE TO DETERMINE,UNABLE TO DETERMINE,550,W,87TH ST,622,,,,,,,2,NO INDICATION OF INJURY,0,0,0,0,0,1,0,9,7,9,41.73627452,-87.63835788,POINT (-87.638357875628 41.736274520684)
7900994e7fefd0df6428915fe3bae5dc5a319741ada99c6fcc123acc9210b5c7e4d5ec43fef0ad7cd874bfd736367df8af589dc84c80a58f0ed75af5208aa1e5,JE458320,,44527.53125,30,NO CONTROLS,NO CONTROLS,CLEAR,DAYLIGHT,SIDESWIPE SAME DIRECTION,NOT DIVIDED,,STRAIGHT AND LEVEL,DRY,NO DEFECTS,ON SCENE,NO INJURY / DRIVE AWAY,,,,"$501 - $1,500",44527.53472,IMPROPER OVERTAKING/PASSING,IMPROPER OVERTAKING/PASSING,306,E,75TH ST,323,,,,,,,2,NO INDICATION OF INJURY,0,0,0,0,0,2,0,12,7,11,41.75846743,-87.6179738,POINT (-87.617973801735 41.758467431028)
7c0bf6f55c326d10576b40252b53ecfc2e6d2ee193f945edb9086081f863ec331d5e75f764b6d89f49a695625a6101ddea61d44e1b0bf34fdaf0a43302b126dc,JE491261,,44558.71667,30,NO CONTROLS,NO CONTROLS,RAIN,"DARKNESS, LIGHTED ROAD",PARKED MOTOR VEHICLE,DIVIDED - W/MEDIAN (NOT RAISED),,STRAIGHT AND LEVEL,WET,NO DEFECTS,ON SCENE,NO INJURY / DRIVE AWAY,,,,"OVER $1,500",44558.71736,UNABLE TO DETERMINE,NOT APPLICABLE,2009,N,KEDZIE AVE,1414,,,,,,,2,NO INDICATION OF INJURY,0,0,0,0,0,1,0,17,3,12,41.91767986,-87.70683051,POINT (-87.706830512413 41.917679859026)
7bcdfdaf55ba68148505734dff3468e60a051d20d487940c226818d61f720e3f647aa938e1b02c34e9e334caab5616e0f72d900ede6caf236297dc10e197b44c,JE470785,,44538.79653,35,NO CONTROLS,NO CONTROLS,CLEAR,"DARKNESS, LIGHTED ROAD",HEAD ON,NOT DIVIDED,,STRAIGHT ON HILLCREST,DRY,NO DEFECTS,ON SCENE,INJURY AND / OR TOW DUE TO CRASH,,,,"OVER $1,500",44538.79931,UNABLE TO DETERMINE,UNABLE TO DETERMINE,2600,S,ASHLAND AVE,912,,,,,,,4,NONINCAPACITATING INJURY,2,0,0,1,1,3,0,19,4,12,41.84484115,-87.66602127,POINT (-87.666021267163 41.844841146019)
7b15fd1e4c8dfc163bc0da2088313720794c6907020fe0a9e283e904141e2383cb3d0094423c6e3a17bfb21c2bfea301bf2ceabe2517558295eb8455ad804f81,JC263086,,43599.71042,30,STOP SIGN/FLASHER,NO CONTROLS,CLEAR,DAYLIGHT,TURNING,T-INTERSECTION,,STRAIGHT AND LEVEL,DRY,NO DEFECTS,ON SCENE,INJURY AND / OR TOW DUE TO CRASH,Y,,Y,"OVER $1,500",43599.71875,FAILING TO REDUCE SPEED TO AVOID CRASH,NOT APPLICABLE,4428,S,ARCHER AVE,821,,,,,,,2,NO INDICATION OF INJURY,0,0,0,0,0,2,0,17,3,5,41.81292645,-87.70637217,POINT (-87.706372170806 41.812926451667)
496c6412392dfc82d1cfeb640a415be83c307a70e6b71d827e5dd29e6c6cf4f20893cc021b398e007427b1931b7c0ff104195c70a6bf332d9e7ae0c69d6fadca,JF319620,,44757.98611,30,NO CONTROLS,NO CONTROLS,CLEAR,"DARKNESS, LIGHTED ROAD",REAR END,DIVIDED - W/MEDIAN BARRIER,,STRAIGHT AND LEVEL,DRY,NO DEFECTS,NOT ON SCENE (DESK REPORT),NO INJURY / DRIVE AWAY,,,Y,"OVER $1,500",44758.50347,UNABLE TO DETERMINE,NOT APPLICABLE,3951,W,PETERSON AVE,1711,,,,,,,2,NO INDICATION OF INJURY,0,0,0,0,0,2,0,23,6,7,41.99002966,-87.72835385,POINT (-87.728353847404 41.990029662816)
497cb9e8f3def86057207e3f11469e7dd6ecb2236bf99eb831581c9a26f0307472972009164da91823da40537acbcdb28aecbf0c26d53d39ff80c583d1db4e78,JE292643,,44383.78819,15,UNKNOWN,UNKNOWN,CLEAR,DAYLIGHT,REAR TO SIDE,PARKING LOT,,STRAIGHT AND LEVEL,DRY,UNKNOWN,,NO INJURY / DRIVE AWAY,,,,"OVER $1,500",44383.82292,IMPROPER BACKING,UNABLE TO DETERMINE,2650,N,CLYBOURN AVE,1931,,,,,,,2,NO INDICATION OF INJURY,0,0,0,0,0,3,0,18,3,7,41.92965278,-87.67529316,POINT (-87.675293163564 41.929652780387)
7b7663c3692e12b0ec95c8d32ba7b3b9f9719aa97335a25b6654d5b9d9bdfbac834a4cb2e0bffb36b44e91206fc689b078efe64ac0b6adf201970bc3131e10cd,JB450002,,43368.40625,30,TRAFFIC SIGNAL,FUNCTIONING PROPERLY,CLEAR,DAYLIGHT,REAR END,DIVIDED - W/MEDIAN (NOT RAISED),,STRAIGHT AND LEVEL,DRY,NO DEFECTS,NOT ON SCENE (DESK REPORT),INJURY AND / OR TOW DUE TO CRASH,,,,"OVER $1,500",43368.43056,FAILING TO YIELD RIGHT-OF-WAY,FOLLOWING TOO CLOSELY,4825,N,AUSTIN AVE,1622,,,,,,,3,"REPORTED, NOT EVIDENT",2,0,0,0,2,1,0,9,3,9,41.96840002,-87.77789762,POINT (-87.777897620365 41.968400020635)
49c8c4f864dc16cda6fc044c7bb6a343ebe66529d2cf2bd1dcdb091d9fec33ab9336ca895187d59dc716d3646fd65f4d4b02ab175ff789b50a2b17576294af16,JF318966,,44757.76111,25,NO CONTROLS,NO CONTROLS,RAIN,DAYLIGHT,ANGLE,NOT DIVIDED,,STRAIGHT AND LEVEL,WET,NO DEFECTS,ON SCENE,NO INJURY / DRIVE AWAY,,,Y,"$501 - $1,500",44757.77083,UNABLE TO DETERMINE,UNABLE TO DETERMINE,453,N,OAKLEY BLVD,1221,,,,,,,2,NO INDICATION OF INJURY,0,0,0,0,0,2,0,18,6,7,41.8900726,-87.68408335,POINT (-87.684083350697 41.890072599105)
4a3b92dcdbd7f0b91e5bb57a3c3038dcb075261f507c20f9c0961a5178b032018d4b31ebfcb58eeca90d1fdff92cfb53a444dd55d4d85e72925d0334bea63f41,JF318227,,44757.3125,20,NO CONTROLS,NO CONTROLS,RAIN,"DARKNESS, LIGHTED ROAD",PARKED MOTOR VEHICLE,ONE-WAY,,STRAIGHT AND LEVEL,WET,NO DEFECTS,ON SCENE,INJURY AND / OR TOW DUE TO CRASH,,,Y,"OVER $1,500",44757.32639,UNABLE TO DETERMINE,UNABLE TO DETERMINE,5525,W,FLOURNOY ST,1522,,,,,,,2,NO INDICATION OF INJURY,0,0,0,0,0,1,0,7,6,7,41.87174902,-87.76255812,POINT (-87.762558122581 41.871749020035)
7c48bb9c1fb1c59a25d9087625500da91ab510d3c9be3319d867a4e48676005d3912f127bffea8eec1920cc2ae82fe2a7859669f59ca452b14e879b11f755c03,HZ393424,,42597.73611,30,TRAFFIC SIGNAL,UNKNOWN,RAIN,DAYLIGHT,SIDESWIPE SAME DIRECTION,ONE-WAY,1,STRAIGHT AND LEVEL,WET,UNKNOWN,NOT ON SCENE (DESK REPORT),NO INJURY / DRIVE AWAY,,,,"$501 - $1,500",42597.76597,UNABLE TO DETERMINE,UNABLE TO DETERMINE,10300,S,GREEN ST,2232,,,,,,,2,NO INDICATION OF INJURY,0,0,0,0,0,2,0,17,2,8,41.70681344,-87.64418617,POINT (-87.644186167628 41.706813442074)
79e4c869f48ad3d13aa33c61eaead7008a48f9b8be8d48a0ee6da9eb58a0709c96bd2214bf93d9e0a46712bf8c0f4d3110d96189e643422edf8a2b31de3433c6,JD451455,,44171.71389,30,NO CONTROLS,NO CONTROLS,CLEAR,"DARKNESS, LIGHTED ROAD",ANGLE,DIVIDED - W/MEDIAN (NOT RAISED),,STRAIGHT AND LEVEL,DRY,NO DEFECTS,ON SCENE,NO INJURY / DRIVE AWAY,,,,"OVER $1,500",44171.71736,FAILING TO YIELD RIGHT-OF-WAY,FAILING TO REDUCE SPEED TO AVOID CRASH,5231,S,PULASKI RD,822,,,,,,,2,NO INDICATION OF INJURY,0,0,0,0,0,5,0,17,1,12,41.79774008,-87.72314282,POINT (-87.723142815455 41.797740080638)
49b98280ad4cf9fc9a3d8843e4245c700095884e837b3c48836f72258afe875d4d3ffe71219e4b241000961cb41ab2678e51bee16ee55af504c9f8f711e3bcbf,JF333393,,44769.45833,30,NO CONTROLS,NO CONTROLS,CLEAR,DAYLIGHT,PARKED MOTOR VEHICLE,DIVIDED - W/MEDIAN (NOT RAISED),,STRAIGHT AND LEVEL,DRY,NO DEFECTS,,INJURY AND / OR TOW DUE TO CRASH,,,,"OVER $1,500",44769.46181,PHYSICAL CONDITION OF DRIVER,PHYSICAL CONDITION OF DRIVER,4926,W,GRAND AVE,2533,,N,,,,,2,"REPORTED, NOT EVIDENT",1,0,0,0,1,0,0,11,4,7,41.91569097,-87.75017451,POINT (-87.750174509142 41.915690973765)
4aa3b8800b00698971bf2bc3de9b55da752f11046ec9c749cba378daeac8664282bd425f3abcc3a3e06cc628e67871608f3b334f556b3f38f88ee9a0de6c1342,JF318536,,44757.54167,35,NO CONTROLS,NO CONTROLS,CLEAR,DAYLIGHT,REAR END,DIVIDED - W/MEDIAN (NOT RAISED),,STRAIGHT AND LEVEL,WET,NO DEFECTS,NOT ON SCENE (DESK REPORT),NO INJURY / DRIVE AWAY,,,,"OVER $1,500",44757.58333,FOLLOWING TOO CLOSELY,FOLLOWING TOO CLOSELY,7600,S,MORGAN ST,612,,,,,,,2,NO INDICATION OF INJURY,0,0,0,0,0,2,0,13,6,7,41.75593733,-87.64917707,POINT (-87.649177064754 41.755937329993)
7251c448464062e0b2f3624378383262cbc5f73639920a3b4e58abbf4f2facb1598f680f88a629a36b7597ce50a897510b621a55681cabdbc7a13abb174457df,JF375235,,44802.71181,30,TRAFFIC SIGNAL,FUNCTIONING PROPERLY,CLEAR,DAYLIGHT,PEDESTRIAN,T-INTERSECTION,,STRAIGHT AND LEVEL,DRY,UNKNOWN,ON SCENE,INJURY AND / OR TOW DUE TO CRASH,Y,,,$500 OR LESS,44802.71181,FAILING TO YIELD RIGHT-OF-WAY,NOT APPLICABLE,99,N,STATE ST,112,Y,Y,,,,,2,NONINCAPACITATING INJURY,1,0,0,1,0,1,0,17,2,8,41.88316069,-87.62772179,POINT (-87.627721785369 41.88316068634)
4ba6cd39d4368fa26ccab273e580f428c1b28e39907571b22178a966f80b2b7f986f93461750bc92f0ac2568c839363d3db4d7dad41b10f19e9d23eed1536c62,JF318764,,44757.65972,30,STOP SIGN/FLASHER,FUNCTIONING PROPERLY,RAIN,DAYLIGHT,ANGLE,DIVIDED - W/MEDIAN (NOT RAISED),,STRAIGHT AND LEVEL,WET,UNKNOWN,ON SCENE,INJURY AND / OR TOW DUE TO CRASH,Y,,,"OVER $1,500",44757.66667,FAILING TO YIELD RIGHT-OF-WAY,FAILING TO YIELD RIGHT-OF-WAY,5727,W,DIVERSEY AVE,2514,,,,,,,2,NO INDICATION OF INJURY,0,0,0,0,0,2,0,15,6,7,41.93111716,-87.76982744,POINT (-87.769827438426 41.931117161167)
7c19b16d0ddbe2a7f05e6afe239c4d76fe609dc98a3d484326c66b2c96eecd3f8f5fbc8719c05c56124684e3d779d44e26e5df0d5729653ae6a83efaf9595788,JD471401,Y,44193.44444,35,NO CONTROLS,NO CONTROLS,CLEAR,DAYLIGHT,REAR END,NOT DIVIDED,,STRAIGHT AND LEVEL,DRY,NO DEFECTS,,NO INJURY / DRIVE AWAY,,,Y,"OVER $1,500",44193.44444,FOLLOWING TOO CLOSELY,IMPROPER OVERTAKING/PASSING,6600,W,ARCHER AVE,811,,,,,,,2,NO INDICATION OF INJURY,0,0,0,0,0,2,0,10,2,12,41.79235842,-87.78675546,POINT (-87.786755461177 41.792358419017)
7a44720d95a1701657ece750a0e023bc3713d7a85553339bc25df99dc4191111822bf1b8178509adf4172ede05c361d178f06cad3f01608ef8a3a02092560153,JA143319,Y,42772.29167,25,STOP SIGN/FLASHER,OTHER,CLEAR,DAYLIGHT,PARKED MOTOR VEHICLE,NOT DIVIDED,2,STRAIGHT AND LEVEL,DRY,NO DEFECTS,NOT ON SCENE (DESK REPORT),NO INJURY / DRIVE AWAY,,,Y,"OVER $1,500",42772.375,UNABLE TO DETERMINE,NOT APPLICABLE,10704,S,LANGLEY AVE,513,,,,,,,2,NO INDICATION OF INJURY,0,0,0,0,0,1,0,7,2,2,41.69998301,-87.60638021,POINT (-87.60638020642 41.699983005869)
79ac6ecdd7ad2276f86abc4d6d3dac6a8c856c02b6c8829276be0576673cb6704d9d0739b0f449022c6c4cb520668cf950e97737a7e1db8f17dc9b2949d79236,JD457290,,44177.65972,30,TRAFFIC SIGNAL,FUNCTIONING PROPERLY,RAIN,DUSK,REAR END,DIVIDED - W/MEDIAN (NOT RAISED),,STRAIGHT AND LEVEL,WET,NO DEFECTS,NOT ON SCENE (DESK REPORT),NO INJURY / DRIVE AWAY,Y,,,"OVER $1,500",44177.68056,UNABLE TO DETERMINE,UNABLE TO DETERMINE,3110,W,PETERSON AVE,2413,,,,,,,3,NO INDICATION OF INJURY,0,0,0,0,0,5,0,15,7,12,41.99050496,-87.70736285,POINT (-87.707362846075 41.990504958626)
7943ec20a90644bf174e4c1948589eea1bf18056cf486e11efc4b740e7a0ef4a52114e7a03b1a5368c853f5da3f2a658d774602e6b3119d9e607d4715c67777d,JD120904,,43849.11458,20,NO CONTROLS,UNKNOWN,CLEAR,DARKNESS,REAR TO FRONT,ONE-WAY,,STRAIGHT AND LEVEL,ICE,UNKNOWN,ON SCENE,NO INJURY / DRIVE AWAY,,,,$500 OR LESS,43849.11875,UNABLE TO DETERMINE,NOT APPLICABLE,3306,W,WARREN BLVD,1123,,,,,,,2,NO INDICATION OF INJURY,0,0,0,0,0,2,0,2,1,1,41.88194878,-87.70908066,POINT (-87.709080662261 41.881948783497)
7547e262a02f084bffd423a14479cd682794fa70e7ae7f251030935562d4572c714a3bf314993a043a43e0ae85633f3c3b29f37fb15c66f55e021388f7afd2a3,JF375455,,44802.86111,30,TRAFFIC SIGNAL,NO CONTROLS,CLEAR,DUSK,REAR END,DIVIDED - W/MEDIAN (NOT RAISED),,STRAIGHT AND LEVEL,DRY,NO DEFECTS,NOT ON SCENE (DESK REPORT),NO INJURY / DRIVE AWAY,,,Y,"OVER $1,500",44802.88542,UNABLE TO DETERMINE,UNABLE TO DETERMINE,2599,S,HALSTED ST,914,,,,,,,2,NO INDICATION OF INJURY,0,0,0,0,0,3,0,20,2,8,41.84533923,-87.64630234,POINT (-87.646302339662 41.845339232892)
4bc7db9ed242676f2d5bc65802102d5c8fdc2062cddb645f466ebebe54bcf25a4a464a31a4f6ea89b78202e3efb29aaa8100380585e2c7c5d17b549cc6a2785b,JF318912,,44757.72917,30,TRAFFIC SIGNAL,FUNCTIONING PROPERLY,RAIN,DAYLIGHT,REAR END,DIVIDED - W/MEDIAN (NOT RAISED),,STRAIGHT AND LEVEL,WET,UNKNOWN,ON SCENE,INJURY AND / OR TOW DUE TO CRASH,Y,,,"OVER $1,500",44757.73889,FOLLOWING TOO CLOSELY,NOT APPLICABLE,100,E,CERMAK RD,132,,,,,,,2,NO INDICATION OF INJURY,0,0,0,0,0,2,0,17,6,7,41.85297603,-87.62377487,POINT (-87.623774869532 41.852976030122)
4c44750fcce092d3cbc97adb5cfc6081d4212249add04a04504b71ac6d0d59bd0c8ebec73111a9a0b8f5140e33f76fa2eabdbfc7fe27c27600a6803ad2d33bb1,JF319089,,44757.88681,30,TRAFFIC SIGNAL,FUNCTIONING PROPERLY,RAIN,"DARKNESS, LIGHTED ROAD",PEDALCYCLIST,FOUR WAY,,STRAIGHT AND LEVEL,WET,NO DEFECTS,ON SCENE,NO INJURY / DRIVE AWAY,Y,,,"OVER $1,500",44757.88681,DISREGARDING TRAFFIC SIGNALS,UNABLE TO DETERMINE,375,E,47TH ST,224,,,,,,,2,NO INDICATION OF INJURY,0,0,0,0,0,2,0,21,6,7,41.80927415,-87.61659844,POINT (-87.616598442402 41.809274149635)
4c58bca47695a818cd8ddd9ef47e1f40dcca93b7428c1175ca2fe95f3da5ed0563525bedfb0a1fbf89b1acd219c93b0159244dfa11562c37c51eb254026e2336,JF318510,,44757.50694,30,UNKNOWN,UNKNOWN,RAIN,DAYLIGHT,TURNING,DIVIDED - W/MEDIAN (NOT RAISED),,STRAIGHT AND LEVEL,WET,NO DEFECTS,NOT ON SCENE (DESK REPORT),NO INJURY / DRIVE AWAY,,,,"OVER $1,500",44757.51806,UNABLE TO DETERMINE,NOT APPLICABLE,1830,W,108TH PL,2212,,,,,,,2,NO INDICATION OF INJURY,0,0,0,0,0,2,0,12,6,7,41.69663315,-87.66810227,POINT (-87.668102271345 41.696633146699)
4cd07c801112bd8cf08b3d4d7364c1b93796f7be601a975d5275e4cc6494e0ce7dfbbb0ac93f2a4649da9b94d6d9840587d2d45030a50f5dac482dd7facad728,JF318713,,44757.625,30,NO CONTROLS,NO CONTROLS,CLEAR,DAYLIGHT,PARKED MOTOR VEHICLE,DIVIDED - W/MEDIAN (NOT RAISED),,STRAIGHT AND LEVEL,DRY,NO DEFECTS,NOT ON SCENE (DESK REPORT),NO INJURY / DRIVE AWAY,,,,"$501 - $1,500",44757.65625,IMPROPER OVERTAKING/PASSING,NOT APPLICABLE,50,E,83RD ST,631,,,,,,,2,NO INDICATION OF INJURY,0,0,0,0,0,1,0,15,6,7,41.74379544,-87.6224814,POINT (-87.622481404357 41.74379544016)
79a49ce112af522d2f996353640c9b1e6790e3b1b859b1f156cc7358008619c0b61162eb16d7f5d11d152093d025f0b1658477b1a14dd6058d2f675a5c30a4f7,JA183813,,42805.78125,30,NO CONTROLS,NO CONTROLS,CLEAR,DAYLIGHT,SIDESWIPE SAME DIRECTION,NOT DIVIDED,,STRAIGHT AND LEVEL,DRY,NO DEFECTS,NOT ON SCENE (DESK REPORT),NO INJURY / DRIVE AWAY,,,Y,"$501 - $1,500",42805.79514,IMPROPER OVERTAKING/PASSING,NOT APPLICABLE,4400,N,LAKE SHORE DR NB,1914,,,,,,,2,NO INDICATION OF INJURY,0,0,0,0,0,2,0,18,7,3,41.96202716,-87.64663966,POINT (-87.64663966128 41.962027155537)
7bb4cb89bb438ea05f0ce1f605a2157e62b0d0b7a5269060587f999e0064de872730b9a24d4d041a51cd4b3d809ebefa8d5acbacf6ca86a4d9a25713d8bd2f04,JC358377,,43667.55556,25,NO CONTROLS,NO CONTROLS,CLEAR,DAYLIGHT,SIDESWIPE SAME DIRECTION,ONE-WAY,,STRAIGHT AND LEVEL,DRY,NO DEFECTS,ON SCENE,NO INJURY / DRIVE AWAY,,,,"OVER $1,500",43667.55903,FAILING TO YIELD RIGHT-OF-WAY,UNABLE TO DETERMINE,3,W,TERMINAL ST,1653,,,,,,,2,NO INDICATION OF INJURY,0,0,0,0,0,2,0,13,1,7,,,
7add655e4aec71ab9e603c539e75a9b1a59eda77986d6f6a55adbd31c9ae499a9c7780a923dab063f64a313139e03c4dc5b27b565c27d742f132c7f0de4f3bb1,JE449438,,44518.58958,0,NO CONTROLS,NO CONTROLS,CLEAR,DAYLIGHT,PARKED MOTOR VEHICLE,PARKING LOT,,STRAIGHT AND LEVEL,DRY,NO DEFECTS,ON SCENE,NO INJURY / DRIVE AWAY,,Y,,$500 OR LESS,44518.59028,UNABLE TO DETERMINE,UNABLE TO DETERMINE,3340,W,FILLMORE ST,1134,,,,,,,2,NO INDICATION OF INJURY,0,0,0,0,0,1,0,14,5,11,41.8682854,-87.70979986,POINT (-87.709799857895 41.86828539742)
7bd368398a3e89660393b64bd40b5a6933cce9af44793321616986dab1bc92f16b33ee3de1cb785f238906b7527d69ebf2c0d34746e523d2fb48a764b35d1236,JB343235,,43290.99306,30,NO CONTROLS,NO CONTROLS,CLEAR,"DARKNESS, LIGHTED ROAD",PARKED MOTOR VEHICLE,ONE-WAY,1,STRAIGHT AND LEVEL,DRY,NO DEFECTS,ON SCENE,INJURY AND / OR TOW DUE TO CRASH,,,Y,"OVER $1,500",43291.28125,UNABLE TO DETERMINE,NOT APPLICABLE,1115,N,ROCKWELL ST,1211,,,,,,,2,NO INDICATION OF INJURY,0,0,0,0,0,1,0,23,2,7,41.90166552,-87.6917729,POINT (-87.691772899221 41.901665520573)
770f9350bad2d7ec68b124133507d0e95b74f897079857762015a7559a83f550399cb309fe1279a017fe2c2db413765931fd750a11d5676cfc50b01b0aa80d13,JF374425,,44802.31528,35,NO CONTROLS,NO CONTROLS,CLEAR,DAYLIGHT,TURNING,DIVIDED - W/MEDIAN (NOT RAISED),,STRAIGHT AND LEVEL,DRY,NO DEFECTS,ON SCENE,INJURY AND / OR TOW DUE TO CRASH,,,,"OVER $1,500",44802.31597,UNABLE TO DETERMINE,UNABLE TO DETERMINE,4427,S,PULASKI RD,821,,,,,,,2,"REPORTED, NOT EVIDENT",2,0,0,0,2,0,0,7,2,8,41.81254118,-87.72361525,POINT (-87.723615250937 41.812541181686)
77a1e2804ac506662d1cf558101084cd4dc60ed239c5312fdd53684bb0abd95507ed75dd72edccb9c52bc126b3f32e91ccd13a0532f3331c1db89d6808f16ac1,JF376414,,44802.69444,30,STOP SIGN/FLASHER,FUNCTIONING PROPERLY,CLEAR,DAYLIGHT,SIDESWIPE SAME DIRECTION,DIVIDED - W/MEDIAN (NOT RAISED),,STRAIGHT AND LEVEL,DRY,NO DEFECTS,NOT ON SCENE (DESK REPORT),NO INJURY / DRIVE AWAY,,,,"OVER $1,500",44803.6875,UNABLE TO DETERMINE,NOT APPLICABLE,2801,N,PULASKI RD,2523,,,,,,,2,NO INDICATION OF INJURY,0,0,0,0,0,2,0,16,2,8,41.93183561,-87.72683294,POINT (-87.726832939506 41.931835607827)
783b36d7cbeb27a00e033586947ca899890d68d7372bbeee3b19d318c37c17aa2edbc86a227041fd505974c7a44411f3bd26d58c4b3f10b62abeb8be9eeb75fb,JF374685,,44802.45833,30,NO CONTROLS,NO CONTROLS,CLEAR,DAYLIGHT,OTHER OBJECT,NOT DIVIDED,,STRAIGHT AND LEVEL,DRY,NO DEFECTS,ON SCENE,NO INJURY / DRIVE AWAY,,Y,,$500 OR LESS,44802.47222,FOLLOWING TOO CLOSELY,IMPROPER OVERTAKING/PASSING,2171,N,LINCOLN AVE,1812,,Y,,,,,1,NO INDICATION OF INJURY,0,0,0,0,0,1,0,11,2,8,41.92175212,-87.64338476,POINT (-87.643384760369 41.921752119438)
796f821b65c3053dc189afe6c56ed9584897064cf76e7e3dbdfb5cbad3082d4c38e791b271afaacd86bf3b9ac9145cb7900fc673f1b5f7835745b832e0f2dfbd,JC506924,,43780.79167,30,STOP SIGN/FLASHER,FUNCTIONING PROPERLY,SNOW,"DARKNESS, LIGHTED ROAD",REAR END,NOT DIVIDED,,STRAIGHT AND LEVEL,ICE,NO DEFECTS,ON SCENE,NO INJURY / DRIVE AWAY,,,,"$501 - $1,500",43780.79444,NOT APPLICABLE,WEATHER,3909,W,69TH ST,833,,Y,,,,,2,NO INDICATION OF INJURY,0,0,0,0,0,2,0,19,2,11,41.76765445,-87.72045896,POINT (-87.720458956448 41.767654450495)