CRASH_RECORD_ID,RD_NO,CRASH_DATE_EST_I,CRASH_DATE,POSTED_SPEED_LIMIT,TRAFFIC_CONTROL_DEVICE,DEVICE_CONDITION,WEATHER_CONDITION,LIGHTING_CONDITION,FIRST_CRASH_TYPE,TRAFFICWAY_TYPE,LANE_CNT,ALIGNMENT,ROADWAY_SURFACE_COND,ROAD_DEFECT,REPORT_TYPE,CRASH_TYPE,INTERSECTION_RELATED_I,NOT_RIGHT_OF_WAY_I,HIT_AND_RUN_I,DAMAGE,DATE_POLICE_NOTIFIED,PRIM_CONTRIBUTORY_CAUSE,SEC_CONTRIBUTORY_CAUSE,STREET_NO,STREET_DIRECTION,STREET_NAME,BEAT_OF_OCCURRENCE,PHOTOS_TAKEN_I,STATEMENTS_TAKEN_I,DOORING_I,WORK_ZONE_I,WORK_ZONE_TYPE,WORKERS_PRESENT_I,NUM_UNITS,MOST_SEVERE_INJURY,INJURIES_TOTAL,INJURIES_FATAL,INJURIES_INCAPACITATING,INJURIES_NON_INCAPACITATING,INJURIES_REPORTED_NOT_EVIDENT,INJURIES_NO_INDICATION,INJURIES_UNKNOWN,CRASH_HOUR,CRASH_DAY_OF_WEEK,CRASH_MONTH,LATITUDE,LONGITUDE,LOCATION
50df44baacd2e57ebc7c950a66f40e93c52a90bfd4100a2bd2323a8014268b92839d88393198543d2402d6595c1e033dfc40c857d380b1cd7696e886f3ecdd85,JF318398,,44757.46806,30,TRAFFIC SIGNAL,FUNCTIONING PROPERLY,RAIN,DAYLIGHT,REAR END,DIVIDED - W/MEDIAN (NOT RAISED),,STRAIGHT AND LEVEL,WET,NO DEFECTS,ON SCENE,INJURY AND / OR TOW DUE TO CRASH,,,,"OVER $1,500",44757.46875,EQUIPMENT - VEHICLE CONDITION,NOT APPLICABLE,200,W,103RD ST,511,,,,,,,2,NO INDICATION OF INJURY,0,0,0,0,0,2,0,11,6,7,41.70721036,-87.62835881,POINT (-87.628358811514 41.707210358473)
50fb562a0b9fd60d5d710eb70cc178e7262e2ae278982f35d31988f24610dcd1990d182ad65d970e6b6440ac02c5b9dbce3663a72b61f20f0f71ccd96f0755b1,JF318820,,44757.64583,30,TRAFFIC SIGNAL,FUNCTIONING PROPERLY,RAIN,DAYLIGHT,TURNING,FOUR WAY,,STRAIGHT ON GRADE,WET,NO DEFECTS,ON SCENE,INJURY AND / OR TOW DUE TO CRASH,Y,,,"OVER $1,500",44757.64583,UNABLE TO DETERMINE,NOT APPLICABLE,7359,S,WESTERN AVE,835,,,,,,,2,NONINCAPACITATING INJURY,1,0,0,1,0,1,0,15,6,7,41.75932622,-87.68295932,POINT (-87.682959320994 41.759326224073)
514cfd591bf1024372b35c830bab8963708f5759cfe66ce686bd20644ddeb38c2f0848cc1cbd08f7de6b456eeb1f39b2280caf522903fa81edf8f2f4be2c8376,JF318963,,44757.72917,30,UNKNOWN,UNKNOWN,RAIN,DAYLIGHT,SIDESWIPE SAME DIRECTION,NOT DIVIDED,,STRAIGHT AND LEVEL,WET,UNKNOWN,NOT ON SCENE (DESK REPORT),NO INJURY / DRIVE AWAY,,,,"OVER $1,500",44757.78472,UNABLE TO DETERMINE,UNABLE TO DETERMINE,5001,W,MONTROSE AVE,1624,,,,,,,2,NO INDICATION OF INJURY,0,0,0,0,0,2,0,17,6,7,41.96054477,-87.75251227,POINT (-87.752512269829 41.960544766794)
5157675ee69ac40ec23351c609b37e8cc739238405e4c796bd98db16a174312e8fd2e693da5f1d58e3c9ef9db23e2997c574c3ba839c7c547891c070c5647211,JF318376,,44757.40625,30,UNKNOWN,UNKNOWN,UNKNOWN,DAYLIGHT,SIDESWIPE SAME DIRECTION,NOT DIVIDED,,STRAIGHT AND LEVEL,UNKNOWN,UNKNOWN,NOT ON SCENE (DESK REPORT),NO INJURY / DRIVE AWAY,,,,"$501 - $1,500",44757.40625,UNABLE TO DETERMINE,NOT APPLICABLE,7601,S,CICERO AVE,833,,,,,,,2,NO INDICATION OF INJURY,0,0,0,0,0,2,0,9,6,7,41.75466012,-87.74138476,POINT (-87.741384758605 41.754660124394)
7b03896a199ab219f07b4b7aa2ca0850fa0242b2de83abe617485a940c7821f82e8593d0085d07cb9f56443548a886f12ab4f21eb864f54fd1f654b277881b5a,JF375142,,44802.67639,30,STOP SIGN/FLASHER,NO CONTROLS,CLEAR,DAYLIGHT,REAR END,NOT DIVIDED,,STRAIGHT AND LEVEL,DRY,NO DEFECTS,ON SCENE,NO INJURY / DRIVE AWAY,Y,,Y,"$501 - $1,500",44802.68819,FOLLOWING TOO CLOSELY,UNABLE TO DETERMINE,5300,S,HARPER AVE,234,,,,,,,2,NO INDICATION OF INJURY,0,0,0,0,0,5,0,16,2,8,41.79946866,-87.58923619,POINT (-87.589236192688 41.799468663076)
7a76e66c3131e919a6b28393190c3e8a98a7cde4c3345dbe0d6cff0bcff785a31454c890ceaee976d76d3760d3b69ee808d6289f00ced10ca601e0909db402a8,JE234567,,44334.77083,30,NO CONTROLS,NO CONTROLS,RAIN,DAYLIGHT,REAR END,NOT DIVIDED,,STRAIGHT AND LEVEL,WET,NO DEFECTS,NOT ON SCENE (DESK REPORT),NO INJURY / DRIVE AWAY,,,,"$501 - $1,500",44334.80903,FOLLOWING TOO CLOSELY,NOT APPLICABLE,5000,W,IRVING PARK RD,1624,,,,,,,2,NO INDICATION OF INJURY,0,0,0,0,0,2,0,18,3,5,41.95346817,-87.75230593,POINT (-87.752305934094 41.953468170031)
7a729e07efd35c375bba88538d58cadf4df141f32acbecab8ef9bbb6f298538c14ecc79f41a4d431020ca9ea3777a5e2519a703570332fc8d586bfc606046c5b,JB239129,,43209.73958,30,STOP SIGN/FLASHER,OTHER,CLEAR,DAYLIGHT,ANGLE,NOT DIVIDED,4,STRAIGHT AND LEVEL,DRY,NO DEFECTS,ON SCENE,NO INJURY / DRIVE AWAY,Y,,,"$501 - $1,500",43209.75278,FAILING TO YIELD RIGHT-OF-WAY,FAILING TO YIELD RIGHT-OF-WAY,3897,N,HARLEM AVE,1632,,,,,,,2,NO INDICATION OF INJURY,0,0,0,0,0,2,0,17,5,4,41.95063871,-87.80704866,POINT (-87.807048655792 41.950638711206)
7b86ed2c28286522bea36097a0a76323969f28f32fff8e388b6a08a720bbc9e92b65867bba80edfa636be169e6bd4191bfb341eee6d027f2a443b19cf35a29a3,JB184833,,43172.625,30,NO CONTROLS,NO CONTROLS,CLEAR,DAYLIGHT,ANGLE,ALLEY,,STRAIGHT AND LEVEL,DRY,NO DEFECTS,NOT ON SCENE (DESK REPORT),NO INJURY / DRIVE AWAY,,,Y,"OVER $1,500",43172.84861,NOT APPLICABLE,NOT APPLICABLE,5700,S,PULASKI RD,813,,,,,,,2,NO INDICATION OF INJURY,0,0,0,0,0,4,0,15,3,3,41.78953063,-87.72320717,POINT (-87.723207174023 41.789530633118)
7a047d24aea5116dd2fa64b18c5ce4ab50c7ad8380b8d586a6b5c60cf4174fdccda9c8ddecb8fb46816efb4e7f75a0143f4825ae40565ae4f18d49724c24f4a4,JB146966,,43141.09306,30,TRAFFIC SIGNAL,FUNCTIONING PROPERLY,SNOW,DARKNESS,SIDESWIPE SAME DIRECTION,NOT DIVIDED,2,STRAIGHT AND LEVEL,SNOW OR SLUSH,NO DEFECTS,ON SCENE,NO INJURY / DRIVE AWAY,Y,,,"$501 - $1,500",43141.09306,IMPROPER OVERTAKING/PASSING,IMPROPER OVERTAKING/PASSING,2222,W,LOGAN BLVD,1432,,,,,,,2,NO INDICATION OF INJURY,0,0,0,0,0,3,0,2,7,2,41.93211841,-87.6841198,POINT (-87.684119803325 41.932118405593)
7c39757320359e4f7de7065bf05abcb388b96a6d16b6bb1be5caae6763ae47ac464d2947631bf8364212f9f10dd053ba6e4bb35412fd46ad57cf239870238ffe,JF374930,,44802.52083,15,NO CONTROLS,NO CONTROLS,CLEAR,DAYLIGHT,PARKED MOTOR VEHICLE,PARKING LOT,,STRAIGHT AND LEVEL,DRY,NO DEFECTS,NOT ON SCENE (DESK REPORT),NO INJURY / DRIVE AWAY,,,,"OVER $1,500",44802.61181,IMPROPER BACKING,NOT APPLICABLE,11030,S,LANGLEY AVE,513,,,,,,,2,NO INDICATION OF INJURY,0,0,0,0,0,1,0,12,2,8,41.69406535,-87.60572977,POINT (-87.605729770639 41.694065345825)
7b34e6a45009014221cfa52ec5b23ac25547b3e644ac73908842edac5079b6695660948bdb34c8323cf66fee908547c752b33f21f6bc1537c1e6abdec1b53833,JB155808,,43148.73958,30,STOP SIGN/FLASHER,OTHER,SNOW,"DARKNESS, LIGHTED ROAD",REAR END,ONE-WAY,1,STRAIGHT AND LEVEL,SNOW OR SLUSH,UNKNOWN,NOT ON SCENE (DESK REPORT),NO INJURY / DRIVE AWAY,Y,,,"$501 - $1,500",43148.75,FOLLOWING TOO CLOSELY,WEATHER,948,W,CUYLER AVE,1915,,,,,,,2,NO INDICATION OF INJURY,0,0,0,0,0,3,0,17,7,2,41.95555099,-87.65303028,POINT (-87.653030279262 41.955550986669)
7d658b609f64806f025b5cfbbeee0203c2665dbef3ae170274ee628385ba54ad3e5c5b6bcc7da367ad0bb9c6312514a01beced1160f20b677e0b1269ae1d3a7f,JF375038,,44802.59375,30,STOP SIGN/FLASHER,FUNCTIONING PROPERLY,RAIN,DAYLIGHT,ANGLE,NOT DIVIDED,,STRAIGHT AND LEVEL,WET,NO DEFECTS,NOT ON SCENE (DESK REPORT),NO INJURY / DRIVE AWAY,,,N,"OVER $1,500",44802.68056,DISREGARDING STOP SIGN,DISREGARDING STOP SIGN,6800,S,ABERDEEN ST,724,,,,,,,2,NO INDICATION OF INJURY,0,0,0,0,0,2,0,14,2,8,41.77045549,-87.65197667,POINT (-87.651976674069 41.770455492509)
80fd31ab21c9a407bbf273873ef38e4f5b87d7af81028a4e3a451eb62b16ba05bc23534e063d8dfeee6d233ac72d39179a6ac9766170f8f7e9713e2edd73ff9e,JF375395,,44802.77917,30,TRAFFIC SIGNAL,FUNCTIONING PROPERLY,RAIN,DAYLIGHT,REAR END,NOT DIVIDED,,STRAIGHT AND LEVEL,WET,NO DEFECTS,NOT ON SCENE (DESK REPORT),NO INJURY / DRIVE AWAY,Y,,,"OVER $1,500",44802.83333,FOLLOWING TOO CLOSELY,FOLLOWING TOO CLOSELY,1961,N,WESTERN AVE,1434,,,,,,,2,NO INDICATION OF INJURY,0,0,0,0,0,3,0,18,2,8,41.91753166,-87.6872621,POINT (-87.68726210292 41.917531659094)
7b36b1af354335c6b7e8fbbedbf34148cdadb1343b44fb019585f507636d8be5fbfbee9a4139e80685137e2c6748d38470766fc8029ac22796fcd85ad97fd81b,JD277504,,44008.85417,20,UNKNOWN,UNKNOWN,CLEAR,"DARKNESS, LIGHTED ROAD",PARKED MOTOR VEHICLE,NOT DIVIDED,,STRAIGHT AND LEVEL,UNKNOWN,UNKNOWN,ON SCENE,INJURY AND / OR TOW DUE TO CRASH,,Y,N,"OVER $1,500",44008.85972,PHYSICAL CONDITION OF DRIVER,UNABLE TO DETERMINE,5700,W,ALTGELD ST,2515,,,,,,,4,NONINCAPACITATING INJURY,1,0,0,1,0,0,0,20,6,6,41.92587733,-87.76855008,POINT (-87.768550083181 41.925877329921)
79f25e75ed291275082896b3e2285767f955418f60f6e8dbcd94766287ec9fd12ab3c149bf73226a7aeea253b7bb5f8ff97f009521cb2b86167ede3cc0772444,JA415122,,42979.75,30,TRAFFIC SIGNAL,FUNCTIONING PROPERLY,CLEAR,DAYLIGHT,ANGLE,DIVIDED - W/MEDIAN (NOT RAISED),4,STRAIGHT AND LEVEL,DRY,NO DEFECTS,ON SCENE,NO INJURY / DRIVE AWAY,,,,"OVER $1,500",42979.77083,UNABLE TO DETERMINE,UNABLE TO DETERMINE,3852,N,PULASKI RD,1732,,,,,,,2,NO INDICATION OF INJURY,0,0,0,0,0,2,0,18,6,9,41.9514757,-87.72769428,POINT (-87.727694280382 41.951475697204)
542a727dd850da6f926301bf9a6d5a87431b9e0a3895a3c446f8a90d095ac86104588d91bb7cd1c3e0a8eb350bc08fac38a0b0c9592eada204889613e3059e06,JF318792,,44757.66667,30,TRAFFIC SIGNAL,FUNCTIONING PROPERLY,RAIN,DAYLIGHT,TURNING,NOT DIVIDED,,STRAIGHT AND LEVEL,WET,NO DEFECTS,NOT ON SCENE (DESK REPORT),NO INJURY / DRIVE AWAY,,,,"$501 - $1,500",44757.69792,UNABLE TO DETERMINE,NOT APPLICABLE,3600,N,NARRAGANSETT AVE,1632,,,,,,,2,NO INDICATION OF INJURY,0,0,0,0,0,2,0,16,6,7,41.94572847,-87.78644035,POINT (-87.786440352729 41.945728467095)
84682cced8b12d2bc87a71f652ece44b7b25d1e9154a898764aef8f7a312192fbded0edc88b7408b693d2f07e04a7690afaf0bf5c4093271a79779b3327ca2b3,JF375187,Y,44802.64583,30,NO CONTROLS,NO CONTROLS,RAIN,DAYLIGHT,PARKED MOTOR VEHICLE,PARKING LOT,,STRAIGHT AND LEVEL,WET,NO DEFECTS,NOT ON SCENE (DESK REPORT),NO INJURY / DRIVE AWAY,,Y,,"$501 - $1,500",44802.71528,IMPROPER LANE USAGE,NOT APPLICABLE,360,E,RANDOLPH ST,114,,,,,,,2,NO INDICATION OF INJURY,0,0,0,0,0,2,0,15,2,8,41.88462754,-87.61864307,POINT (-87.618643071712 41.884627539983)
84deb3c66f709c2638cc5640190fb4f13d629c7d335043ec944cdb4622861730d48d286a9aa5ada32e3b649a49ab4dde46c6c0771e9d0a86144f5ce2b64691f7,JF374221,,44802.01944,30,TRAFFIC SIGNAL,FUNCTIONING PROPERLY,CLEAR,"DARKNESS, LIGHTED ROAD",OTHER OBJECT,FOUR WAY,,STRAIGHT AND LEVEL,DRY,UNKNOWN,ON SCENE,INJURY AND / OR TOW DUE TO CRASH,Y,,,"$501 - $1,500",44802.02083,DISREGARDING TRAFFIC SIGNALS,FAILING TO REDUCE SPEED TO AVOID CRASH,1535,W,GRAND AVE,1215,,,,,,,2,NONINCAPACITATING INJURY,1,0,0,1,0,1,0,0,2,8,41.89086777,-87.66697976,POINT (-87.666979759294 41.890867764994)
86ae0841e7989b299a535562e3d0f06e197247f798a69daf77230c5b8a88be23f9728a0554fdcde4c27ccf08d51b0852153e4b68a7d47138751f83708a78104c,JF374652,,44802.36111,30,UNKNOWN,UNKNOWN,CLEAR,DAYLIGHT,TURNING,NOT DIVIDED,,STRAIGHT AND LEVEL,DRY,NO DEFECTS,NOT ON SCENE (DESK REPORT),NO INJURY / DRIVE AWAY,,,Y,"OVER $1,500",44802.46806,UNABLE TO DETERMINE,UNABLE TO DETERMINE,5435,S,HARLEM AVE,811,,,,,,,2,NO INDICATION OF INJURY,0,0,0,0,0,2,0,8,2,8,41.79283909,-87.80140989,POINT (-87.801409889361 41.792839092177)
87c6ef7232be3971b33f4878e3ef388cdd03c9645c26b887af34ae1bc4835e20ce509660e40c65fbb2e3a8504bd043e4ac7cdad935d4dcc6df09d2ccc96e4571,JF375164,,44802.67708,30,TRAFFIC SIGNAL,FUNCTIONING PROPERLY,CLEAR,DAYLIGHT,REAR END,NOT DIVIDED,,STRAIGHT AND LEVEL,DRY,NO DEFECTS,NOT ON SCENE (DESK REPORT),NO INJURY / DRIVE AWAY,,,,"$501 - $1,500",44802.71181,UNABLE TO DETERMINE,NOT APPLICABLE,2802,N,WESTERN AVE,1411,,,,,,,2,NO INDICATION OF INJURY,0,0,0,0,0,3,0,16,2,8,41.93221699,-87.68803328,POINT (-87.688033280895 41.932216987947)
7b79d682d7690ef6af28e43cff467b14907fb194a6919e6cc6e187a63e9f566cc5acfec92837ae89848de834a3441d1ab4077c5cfd7996d86ebb27676d4f11c6,JF177262,,44637.65278,35,TRAFFIC SIGNAL,FUNCTIONING PROPERLY,CLEAR,DAYLIGHT,REAR END,DIVIDED - W/MEDIAN (NOT RAISED),,STRAIGHT AND LEVEL,DRY,NO DEFECTS,NOT ON SCENE (DESK REPORT),NO INJURY / DRIVE AWAY,Y,,,"OVER $1,500",44637.70139,FOLLOWING TOO CLOSELY,UNABLE TO DETERMINE,8100,S,HALSTED ST,613,,,,,,,2,NO INDICATION OF INJURY,0,0,0,0,0,2,0,15,5,3,41.74690461,-87.64407715,POINT (-87.644077151581 41.746904607442)
791eaff9dafd14e09c1b0aaef9e3cde884f67aae87de852d25a2131867de756410903295889aa622a2996b6ee2175aafd58869563bfba03071aa61d5167e3fd0,JB502581,,43407.98958,30,TRAFFIC SIGNAL,FUNCTIONING PROPERLY,RAIN,"DARKNESS, LIGHTED ROAD",TURNING,DIVIDED - W/MEDIAN BARRIER,4,STRAIGHT AND LEVEL,WET,NO DEFECTS,NOT ON SCENE (DESK REPORT),NO INJURY / DRIVE AWAY,Y,,,"$501 - $1,500",43407.99653,IMPROPER TURNING/NO SIGNAL,IMPROPER OVERTAKING/PASSING,999,N,MICHIGAN AVE,1833,,,,,,,2,NO INDICATION OF INJURY,0,0,0,0,0,2,0,23,7,11,41.90075885,-87.62398426,POINT (-87.623984254519 41.900758851116)
88a15c453bbe2a0ed3038c82b0bc035bc96e688994f383f0309eb665d9b2e09402b4b3c4d93a400fc7b52bce2f538324432306a084d5f4e3661f66f4bb60582b,JF375539,,44802.95833,30,NO CONTROLS,NO CONTROLS,CLEAR,"DARKNESS, LIGHTED ROAD",PARKED MOTOR VEHICLE,ONE-WAY,,STRAIGHT AND LEVEL,DRY,NO DEFECTS,ON SCENE,NO INJURY / DRIVE AWAY,,,,"OVER $1,500",44802.95833,UNABLE TO DETERMINE,UNABLE TO DETERMINE,10634,S,EBERHART AVE,512,,,,,,,3,NO INDICATION OF INJURY,0,0,0,0,0,1,0,23,2,8,41.70081483,-87.61129364,POINT (-87.611293637966 41.700814825663)
565f7f0f52b6ecbb13d7a1b255ec7e9c6000c53d7505b57750ad7c6baf5e5d15e2c662be779cb7cacc3637cbd9e469d816de0e5eddf00c197b73e80ba5c4aeac,JF318613,,44757.54861,30,NO CONTROLS,NO CONTROLS,RAIN,DAYLIGHT,REAR END,NOT DIVIDED,,STRAIGHT AND LEVEL,WET,NO DEFECTS,NOT ON SCENE (DESK REPORT),NO INJURY / DRIVE AWAY,,,,"OVER $1,500",44757.60069,UNABLE TO DETERMINE,NOT APPLICABLE,3601,W,31ST ST,1032,,,,,,,2,NO INDICATION OF INJURY,0,0,0,0,0,2,0,13,6,7,41.83694533,-87.71465085,POINT (-87.714650847712 41.836945328672)
7c2c0094c89b84dab2d62f11f8b9f25e9f5bac807b96c8aa6e3c9733567685aefc0277d6c9db292635ba080eb1919ed3b5d2fd3d274646d575a6cb042d434bbb,JE194417,Y,44295.54167,30,NO CONTROLS,NO CONTROLS,UNKNOWN,UNKNOWN,PARKED MOTOR VEHICLE,ONE-WAY,,STRAIGHT AND LEVEL,UNKNOWN,NO DEFECTS,NOT ON SCENE (DESK REPORT),NO INJURY / DRIVE AWAY,,,Y,"$501 - $1,500",44295.58333,UNABLE TO DETERMINE,UNABLE TO DETERMINE,6738,S,PRAIRIE AVE,322,,,,,,,2,NO INDICATION OF INJURY,0,0,0,0,0,1,0,13,6,4,41.77174711,-87.61878773,POINT (-87.618787726044 41.771747114355)
8952c1c6b2fd2ad032fe90ed43e5f5ecda6283f4749df1b7d157d8a44df57d417dcde7fe329bfeb1ee3bfe8df7433803b2af5771c0a8b7871716a0bba1d1a2d8,JF375056,,44802.65625,25,NO CONTROLS,NO CONTROLS,CLEAR,DAYLIGHT,SIDESWIPE SAME DIRECTION,NOT DIVIDED,,STRAIGHT AND LEVEL,DRY,NO DEFECTS,ON SCENE,INJURY AND / OR TOW DUE TO CRASH,,,Y,$500 OR LESS,44802.65833,NOT APPLICABLE,NOT APPLICABLE,1744,W,PRYOR AVE,2212,,,,,,,2,NO INDICATION OF INJURY,0,0,0,0,0,2,0,15,2,8,41.69206041,-87.66564309,POINT (-87.665643091417 41.692060407025)
8987f1489b201c6cdb8453c93f8216ec0e63be15b12b95515824f3d9c6df923204cd46472a6178abf7f9ba60434822d9be3034e8b33b0acff5b3f65dca3a51ca,JF386617,,44802.54167,30,NO CONTROLS,NO CONTROLS,UNKNOWN,UNKNOWN,PARKED MOTOR VEHICLE,NOT DIVIDED,,STRAIGHT AND LEVEL,UNKNOWN,UNKNOWN,NOT ON SCENE (DESK REPORT),NO INJURY / DRIVE AWAY,,,,"OVER $1,500",44811.52431,DISTRACTION - FROM INSIDE VEHICLE,UNABLE TO DETERMINE,5349,S,WOOD ST,932,,,,,,,2,NO INDICATION OF INJURY,0,0,0,0,0,1,0,13,2,8,41.79619167,-87.66935915,POINT (-87.669359147575 41.796191671054)
5773f941a9f18b01b6464f8bdbd8cd333e9d8d92c5720a47f877b9fe4099530315ac4636d47885b4c232f9877df1ac654faa356d7cd06fdefd5b8bdf8b29f494,JF319955,,44757.66667,25,TRAFFIC SIGNAL,FUNCTIONING PROPERLY,RAIN,DAYLIGHT,TURNING,FOUR WAY,,STRAIGHT AND LEVEL,WET,NO DEFECTS,NOT ON SCENE (DESK REPORT),NO INJURY / DRIVE AWAY,Y,,,"OVER $1,500",44758.72917,FAILING TO YIELD RIGHT-OF-WAY,NOT APPLICABLE,400,S,WACKER DR,122,,,,,,,2,NO INDICATION OF INJURY,0,0,0,0,0,3,0,16,6,7,41.87676748,-87.63699104,POINT (-87.636991043165 41.876767479861)
8aa789ae1f0528eeae81440cf84753c40e1c3bf623efcf118afd6a01bbf933861fbd7f8a2d9e8d89a6f8f5fa1b83c6183e77ed92e76ce6d791ac71d3843ab1cf,JF375877,,44802.63819,30,TRAFFIC SIGNAL,FUNCTIONING PROPERLY,CLEAR,DAYLIGHT,REAR END,NOT DIVIDED,,STRAIGHT AND LEVEL,DRY,NO DEFECTS,NOT ON SCENE (DESK REPORT),NO INJURY / DRIVE AWAY,,,,"OVER $1,500",44803.38889,UNABLE TO DETERMINE,NOT APPLICABLE,3741,W,FULLERTON AVE,2525,,,,,,,2,NO INDICATION OF INJURY,0,0,0,0,0,2,0,15,2,8,41.92444197,-87.72111194,POINT (-87.721111934959 41.924441970981)
79a64c0ed99d02656e9783bb30ca1d1074db137cd8c0a25ba564366da850b9a14c0a2af16b1815e0f3ef5c9b252cc3d9dd366d04a3e9d0478434c6792ab179e5,JF163251,,44624.61667,30,NO CONTROLS,NO CONTROLS,CLEAR,DAYLIGHT,SIDESWIPE SAME DIRECTION,NOT DIVIDED,,STRAIGHT AND LEVEL,DRY,NO DEFECTS,ON SCENE,INJURY AND / OR TOW DUE TO CRASH,,,,"OVER $1,500",44624.61736,IMPROPER TURNING/NO SIGNAL,IMPROPER TURNING/NO SIGNAL,4115,W,OGDEN AVE,1013,,,,,,,2,NO INDICATION OF INJURY,0,0,0,0,0,2,0,14,6,3,41.8501706,-87.72701196,POINT (-87.727011963269 41.850170596002)
79e87bf5e22c4ea95955c6d3ddc8671df6cf678c3252245a8cacaa7e5afa24eead2b8dd6dbd81adb181581fbc0127c2c68231e25afa3f7b1245f6e93ead78c73,JE380318,,44459.23194,30,TRAFFIC SIGNAL,FUNCTIONING PROPERLY,CLEAR,"DARKNESS, LIGHTED ROAD",ANGLE,NOT DIVIDED,,STRAIGHT AND LEVEL,WET,OTHER,ON SCENE,INJURY AND / OR TOW DUE TO CRASH,Y,,,"OVER $1,500",44459.23194,DISREGARDING TRAFFIC SIGNALS,NOT APPLICABLE,1600,N,WELLS ST,1814,,,,,,,2,NO INDICATION OF INJURY,0,0,0,0,0,2,0,5,2,9,41.91119542,-87.63485888,POINT (-87.634858883507 41.911195419487)
5863b302fe3cb3df3ad83da4ff8a686dd074e960e44ae1a8bc0d01182617bf0382bf15d90a79ca7a296e82c388d23f55a81df30da004a92526fcef7969796302,JF318014,,44757.01111,30,TRAFFIC SIGNAL,FUNCTIONING PROPERLY,CLEAR,"DARKNESS, LIGHTED ROAD",TURNING,NOT DIVIDED,,STRAIGHT AND LEVEL,DRY,NO DEFECTS,ON SCENE,INJURY AND / OR TOW DUE TO CRASH,Y,,,"OVER $1,500",44757.01111,IMPROPER OVERTAKING/PASSING,FAILING TO REDUCE SPEED TO AVOID CRASH,1331,S,HALSTED ST,1232,,,,,,,2,NONINCAPACITATING INJURY,1,0,0,1,0,2,0,0,6,7,41.86454813,-87.64669389,POINT (-87.646693889247 41.864548124868)
8ea900b2d65f6dfa663ba1dd27be91654d624c38fb95e277fca72e39df6be80358326e6fa740d30e5b41cc133e52141749d686cdc9d01d2f86efaaffacb285ef,JF375025,,44802.59167,30,TRAFFIC SIGNAL,FUNCTIONING PROPERLY,CLEAR,DAYLIGHT,REAR END,DIVIDED - W/MEDIAN BARRIER,,STRAIGHT AND LEVEL,DRY,NO DEFECTS,ON SCENE,INJURY AND / OR TOW DUE TO CRASH,,,,"OVER $1,500",44802.63403,FAILING TO REDUCE SPEED TO AVOID CRASH,EQUIPMENT - VEHICLE CONDITION,3912,N,MILWAUKEE AVE,1731,,,,,,,2,NO INDICATION OF INJURY,0,0,0,0,0,3,0,14,2,8,41.95187696,-87.74504685,POINT (-87.745046847725 41.951876955026)
91d061d92e77d2dfeb3b908b13297f06b84b5fada9dda0e5041c14f4ca72c8570372e67f4faed314aab3ee67fc6a8484e05bb2241bc3bf6efe2f0383c0f5b039,JF375281,Y,44802.32708,40,UNKNOWN,UNKNOWN,UNKNOWN,UNKNOWN,REAR END,OTHER,,STRAIGHT AND LEVEL,UNKNOWN,UNKNOWN,NOT ON SCENE (DESK REPORT),NO INJURY / DRIVE AWAY,,,Y,"$501 - $1,500",44802.76042,UNABLE TO DETERMINE,NOT APPLICABLE,644,N,LAKE SHORE DR NB,1834,,,,,,,2,NO INDICATION OF INJURY,0,0,0,0,0,2,0,7,2,8,41.89394985,-87.61508346,POINT (-87.615083457597 41.893949849381)
599e46d476a95ddd07fea911c6480d43c0c88e7391fe852e210b9a0f04a23c0202cc41e0cf293c58b0322c8f91ed517504a9cb717775ac6c471172cea4bc2b3d,JF318301,N,44757.37847,30,NO CONTROLS,NO CONTROLS,RAIN,DAYLIGHT,SIDESWIPE SAME DIRECTION,DIVIDED - W/MEDIAN (NOT RAISED),,STRAIGHT AND LEVEL,WET,NO DEFECTS,NOT ON SCENE (DESK REPORT),NO INJURY / DRIVE AWAY,,,,"$501 - $1,500",44757.40208,IMPROPER OVERTAKING/PASSING,DRIVING SKILLS/KNOWLEDGE/EXPERIENCE,6048,W,BELMONT AVE,1633,,,,,,,2,NO INDICATION OF INJURY,0,0,0,0,0,2,0,9,6,7,41.93853241,-87.77814848,POINT (-87.778148478398 41.938532411285)