CRASH_RECORD_ID,RD_NO,CRASH_DATE_EST_I,CRASH_DATE,POSTED_SPEED_LIMIT,TRAFFIC_CONTROL_DEVICE,DEVICE_CONDITION,WEATHER_CONDITION,LIGHTING_CONDITION,FIRST_CRASH_TYPE,TRAFFICWAY_TYPE,LANE_CNT,ALIGNMENT,ROADWAY_SURFACE_COND,ROAD_DEFECT,REPORT_TYPE,CRASH_TYPE,INTERSECTION_RELATED_I,NOT_RIGHT_OF_WAY_I,HIT_AND_RUN_I,DAMAGE,DATE_POLICE_NOTIFIED,PRIM_CONTRIBUTORY_CAUSE,SEC_CONTRIBUTORY_CAUSE,STREET_NO,STREET_DIRECTION,STREET_NAME,BEAT_OF_OCCURRENCE,PHOTOS_TAKEN_I,STATEMENTS_TAKEN_I,DOORING_I,WORK_ZONE_I,WORK_ZONE_TYPE,WORKERS_PRESENT_I,NUM_UNITS,MOST_SEVERE_INJURY,INJURIES_TOTAL,INJURIES_FATAL,INJURIES_INCAPACITATING,INJURIES_NON_INCAPACITATING,INJURIES_REPORTED_NOT_EVIDENT,INJURIES_NO_INDICATION,INJURIES_UNKNOWN,CRASH_HOUR,CRASH_DAY_OF_WEEK,CRASH_MONTH,LATITUDE,LONGITUDE,LOCATION
7b8fe2e9b683c2e81fb7e2b53fff0512eed3bbd4f6a35dec8abb52aab65ff6c640d65bf45b49848b9be9cde85616c8ffc0884edd6eea3a19451a6b0ace1c1ee3,JA462407,,43015.73958,20,NO CONTROLS,NO CONTROLS,RAIN,DAYLIGHT,PARKED MOTOR VEHICLE,ONE-WAY,,STRAIGHT AND LEVEL,WET,NO DEFECTS,ON SCENE,INJURY AND / OR TOW DUE TO CRASH,,,Y,"OVER $1,500",43015.74236,UNABLE TO DETERMINE,UNABLE TO DETERMINE,5423,W,OHIO ST,1523,,,,,,,3,NO INDICATION OF INJURY,0,0,0,0,0,1,0,17,7,10,41.89101907,-87.7614354,POINT (-87.76143539527 41.891019073103)
79e20d896e5684baf2b2c38a3879f2e763d68150c31089abe4343e9dcd0f160b50d8124c0afb827afd9d2885b5cec454b25cd0b042a949e2deef42603cd7e11a,JA451042,,43007.30208,30,TRAFFIC SIGNAL,FUNCTIONING PROPERLY,CLEAR,DAYLIGHT,TURNING,CENTER TURN LANE,4,STRAIGHT AND LEVEL,DRY,NO DEFECTS,ON SCENE,INJURY AND / OR TOW DUE TO CRASH,,,,"OVER $1,500",43007.30903,FAILING TO YIELD RIGHT-OF-WAY,FAILING TO REDUCE SPEED TO AVOID CRASH,2800,N,WESTERN AVE,1411,,,,,,,2,NO INDICATION OF INJURY,0,0,0,0,0,2,0,7,6,9,41.93221699,-87.68803328,POINT (-87.688033280895 41.932216987947)
79e660162ad91c3c07e966a4bf28a2d3ceac1cfe590d905798ef1fbde9f6a5fa828b44645afc13ddbe3c207dc8fecb650e671ad81891689dfc986270848c8224,JB180170,,43168.95278,30,NO CONTROLS,NO CONTROLS,CLEAR,"DARKNESS, LIGHTED ROAD",SIDESWIPE OPPOSITE DIRECTION,NOT DIVIDED,2,STRAIGHT AND LEVEL,DRY,NO DEFECTS,ON SCENE,INJURY AND / OR TOW DUE TO CRASH,,,Y,"OVER $1,500",43168.95278,UNABLE TO DETERMINE,UNABLE TO DETERMINE,10719,S,AVENUE O,432,,,,,,,4,NO INDICATION OF INJURY,0,0,0,0,0,2,0,22,6,3,41.70034865,-87.53994162,POINT (-87.539941622025 41.700348645642)
5a3e21c5916732af2f6c02e57f8c476446daee6912a0408db90bb917558aa74e49f1a6110537eb753b5b3444e0768127b277543711a1ffa8bfa54f9957811d64,JF318999,,44757.77153,30,TRAFFIC SIGNAL,FUNCTIONING PROPERLY,RAIN,DUSK,TURNING,FOUR WAY,,STRAIGHT AND LEVEL,WET,UNKNOWN,ON SCENE,INJURY AND / OR TOW DUE TO CRASH,Y,,,"OVER $1,500",44757.81806,UNABLE TO DETERMINE,NOT APPLICABLE,7900,S,WESTERN AVE,835,,,,,,,2,NO INDICATION OF INJURY,0,0,0,0,0,3,0,18,6,7,41.75005493,-87.6829922,POINT (-87.682992202902 41.75005493365)
958962eaf79ec9f4a4436152b99122e9f22b62b51b96ab5956e233f1713633fe7f2a3a0561f79d6c025474039037726c6b9e9cb9c95c9ba3a615695d4f95f791,JF374499,,44802.36458,30,NO CONTROLS,NO CONTROLS,CLEAR,DAYLIGHT,REAR END,NOT DIVIDED,,STRAIGHT AND LEVEL,DRY,NO DEFECTS,NOT ON SCENE (DESK REPORT),NO INJURY / DRIVE AWAY,,,,"OVER $1,500",44802.38611,DRIVING ON WRONG SIDE/WRONG WAY,NOT APPLICABLE,2200,N,DAMEN AVE,1432,,,,,,,2,NO INDICATION OF INJURY,0,0,0,0,0,2,0,8,2,8,41.92142214,-87.67790011,POINT (-87.677900108728 41.921422143149)
7a8282b8e90dc074f4150eb663a7d2459942b2fe5af89fcbe288fe74121d70bfd896ad142586d38e3bcdf90aa2435ae4e84ac9dde8469c62513673414de933ed,JA307496,,42901.1375,5,NO CONTROLS,NO CONTROLS,CLEAR,"DARKNESS, LIGHTED ROAD",REAR END,PARKING LOT,,STRAIGHT AND LEVEL,DRY,NO DEFECTS,ON SCENE,NO INJURY / DRIVE AWAY,,,,$500 OR LESS,42901.13889,FAILING TO REDUCE SPEED TO AVOID CRASH,UNABLE TO DETERMINE,9456,S,JEFFERY AVE,413,,,,,,,2,NO INDICATION OF INJURY,0,0,0,0,0,2,0,3,5,6,41.72256369,-87.57550413,POINT (-87.575504126304 41.722563694144)
7c2f47dab8892b94cefbe6d63682b895e891983fefde168b8af920eca1ab926ef7f4174b0be766929d00fbf3cc518ec116c215601d26a677554484ed88bfd088,JA431212,,42992.63472,25,NO CONTROLS,NO CONTROLS,CLEAR,DAYLIGHT,HEAD ON,NOT DIVIDED,,STRAIGHT AND LEVEL,DRY,NO DEFECTS,NOT ON SCENE (DESK REPORT),NO INJURY / DRIVE AWAY,,,,"$501 - $1,500",42992.65972,NOT APPLICABLE,NOT APPLICABLE,400,S,FINANCIAL PL,122,,,,,,,2,NO INDICATION OF INJURY,0,0,0,0,0,2,0,15,5,9,41.87679744,-87.63325591,POINT (-87.633255910224 41.876797440785)
79586cb450b73780a62c208b76ad6e76f0fc4de35ea184e07b4f2fad6146599ad8d9d19fba97d985a7e98c12ee826cc94605e965f84c6e3a94c43c1711d95932,JC262293,,43599.29167,10,NO CONTROLS,NO CONTROLS,CLEAR,DAYLIGHT,REAR END,PARKING LOT,,STRAIGHT AND LEVEL,DRY,NO DEFECTS,NOT ON SCENE (DESK REPORT),NO INJURY / DRIVE AWAY,,,,"OVER $1,500",43599.3125,IMPROPER BACKING,NOT APPLICABLE,501,E,32ND ST,211,,,,,,,2,NO INDICATION OF INJURY,0,0,0,0,0,2,0,7,3,5,41.83595489,-87.61335015,POINT (-87.61335015397 41.835954885923)
794a6e8ce16eda122dd35670e7ae0cdd6411e707aaa2a4fbafb5a7690c5ed5f19897cb2a336e77135cf280869397ddf7869e7d399d663c25969980c6e132d4dd,JC184837,,43538.33333,35,TRAFFIC SIGNAL,FUNCTIONING PROPERLY,CLEAR,DAYLIGHT,TURNING,NOT DIVIDED,4,STRAIGHT AND LEVEL,DRY,NO DEFECTS,NOT ON SCENE (DESK REPORT),NO INJURY / DRIVE AWAY,Y,,,"OVER $1,500",43538.33333,IMPROPER LANE USAGE,IMPROPER LANE USAGE,2200,S,PULASKI RD,1013,,,,,,,2,NO INDICATION OF INJURY,0,0,0,0,0,2,0,8,5,3,41.85152144,-87.72490479,POINT (-87.72490478675 41.851521442331)
79b38bfb654276a49871b9dd61b6b0ea86555e4e98dc07a5577774451273fc85f43979c5982e87dbe6e196c5c68e1816e666ca953c22437dce9f53b858a9c56c,JC423854,,43715.57986,20,NO CONTROLS,NO CONTROLS,CLEAR,DAYLIGHT,OTHER OBJECT,ALLEY,,STRAIGHT AND LEVEL,DRY,NO DEFECTS,NOT ON SCENE (DESK REPORT),NO INJURY / DRIVE AWAY,,Y,,"$501 - $1,500",43715.67361,UNABLE TO DETERMINE,UNABLE TO DETERMINE,4563,N,ELSTON AVE,1722,,,,,,,1,NO INDICATION OF INJURY,0,0,0,0,0,1,0,13,7,9,41.96388747,-87.73377514,POINT (-87.73377513526 41.963887467334)
79197281518bd8cf2e9e2fcdedf1440f5900add0df6372fcbbf371d458788d380027f3f143d103909a65c4a5fcdb0c19e571e8af178c3b6c0a1844b81bae22a1,JB562471,,43455.52569,30,NO CONTROLS,NO CONTROLS,CLEAR,DAYLIGHT,TURNING,NOT DIVIDED,,STRAIGHT AND LEVEL,DRY,NO DEFECTS,NOT ON SCENE (DESK REPORT),NO INJURY / DRIVE AWAY,Y,,,"$501 - $1,500",43455.54236,FAILING TO YIELD RIGHT-OF-WAY,IMPROPER OVERTAKING/PASSING,3470,N,ELSTON AVE,1733,,,,,,,2,NO INDICATION OF INJURY,0,0,0,0,0,2,0,12,6,12,41.94423292,-87.70557382,POINT (-87.705573816582 41.944232923823)
5b8e0f2a8bd5d5b30c8eb4fcb5b9435344000602698799bf831d347e665e373a9683734a733f24c93834e9ff587d7826ab37c7079d9b1bc5c0797cc103f46c53,JF318659,,44757.58056,30,TRAFFIC SIGNAL,FUNCTIONING PROPERLY,RAIN,DAYLIGHT,TURNING,DIVIDED - W/MEDIAN (NOT RAISED),,STRAIGHT AND LEVEL,WET,NO DEFECTS,NOT ON SCENE (DESK REPORT),NO INJURY / DRIVE AWAY,,,,$500 OR LESS,44757.60417,WEATHER,NOT APPLICABLE,1000,E,103RD ST,511,,,,,,,2,NO INDICATION OF INJURY,0,0,0,0,0,2,0,13,6,7,41.70767802,-87.59891381,POINT (-87.598913808186 41.70767801551)
9845c5378f1b3a8770c496e5daa3a5db591281287c2e74e5c7f0d008bbc38442b0ac59aa758ffdfb4917d79d92ffe33589addf55df2d85220c7900cf25c9554a,JF374450,Y,44802.33333,30,STOP SIGN/FLASHER,FUNCTIONING PROPERLY,CLEAR,DAYLIGHT,ANGLE,FOUR WAY,,STRAIGHT AND LEVEL,DRY,NO DEFECTS,ON SCENE,INJURY AND / OR TOW DUE TO CRASH,Y,,,"OVER $1,500",44802.3375,FAILING TO YIELD RIGHT-OF-WAY,"VISION OBSCURED (SIGNS, TREE LIMBS, BUILDINGS, ETC.)",500,N,PAULINA ST,1215,,,,,,,2,NO INDICATION OF INJURY,0,0,0,0,0,2,0,8,2,8,41.89101324,-87.66972697,POINT (-87.669726967571 41.891013239251)
5c3dfab871985e33f402e8380a9a600c84585016e6d56900dc507215dafec8704341013d44470b6baa8ccabc5c142b86a48cb95909a7cf12cdeff35f13ffb7f2,JF318477,,44757.5,15,NO CONTROLS,NO CONTROLS,RAIN,DAYLIGHT,PARKED MOTOR VEHICLE,PARKING LOT,,STRAIGHT AND LEVEL,WET,NO DEFECTS,ON SCENE,NO INJURY / DRIVE AWAY,,Y,,"$501 - $1,500",44757.50278,NOT APPLICABLE,NOT APPLICABLE,1010,W,35TH ST,913,,,,,,,2,NO INDICATION OF INJURY,0,0,0,0,0,1,0,12,6,7,41.83078808,-87.65145591,POINT (-87.65145590533 41.830788082381)
7c46e71b6e069b339a3b43c90544ed559ddc90fdc12660ff31d0b801d1d1883d50490db1d09e793ba36c15757b92c06c1d80b1d79af1f27d8392ea460cae72fd,JB328875,,43281.27083,30,TRAFFIC SIGNAL,FUNCTIONING PROPERLY,CLEAR,DAYLIGHT,REAR END,DIVIDED - W/MEDIAN (NOT RAISED),4,STRAIGHT AND LEVEL,DRY,NO DEFECTS,NOT ON SCENE (DESK REPORT),NO INJURY / DRIVE AWAY,Y,,,"$501 - $1,500",43281.27847,EXCEEDING AUTHORIZED SPEED LIMIT,IMPROPER OVERTAKING/PASSING,3200,W,115TH ST,2211,,,,,,,3,NO INDICATION OF INJURY,0,0,0,0,0,2,0,6,7,6,41.68437065,-87.7006772,POINT (-87.700677204276 41.684370648214)
79eee1f73ce710c5418aff58a6af6210b505e9e0e0333a9020116f4eea3170789e53107f18a4c1876ab5f5ef069c6bea084537fdaab672ca195a4ba12de2ae59,JE150610,,44251.25694,10,NO CONTROLS,NO CONTROLS,CLEAR,DAYLIGHT,OTHER OBJECT,OTHER,,STRAIGHT AND LEVEL,DRY,NO DEFECTS,ON SCENE,NO INJURY / DRIVE AWAY,,Y,,"$501 - $1,500",44251.30833,NOT APPLICABLE,UNABLE TO DETERMINE,10458,S,HOXIE AVE,434,,,,,,,1,NO INDICATION OF INJURY,0,0,0,0,0,1,0,6,4,2,41.70467653,-87.56098317,POINT (-87.560983166353 41.704676532462)
7b039fd6b8ed7cb10e368458ef6bd12f6d6823f701e4f4fa76473034386cab6ed5212b54e6719fad425114290c6ea79cf23c543621843f4f8b8711ef21ce77df,JC256254,,43594.5,30,TRAFFIC SIGNAL,FUNCTIONING PROPERLY,CLEAR,DAYLIGHT,REAR END,DIVIDED - W/MEDIAN BARRIER,,STRAIGHT AND LEVEL,DRY,NO DEFECTS,NOT ON SCENE (DESK REPORT),NO INJURY / DRIVE AWAY,Y,,Y,"$501 - $1,500",43594.58333,FOLLOWING TOO CLOSELY,NOT APPLICABLE,7857,S,STONY ISLAND AVE,411,,,,,,,2,NO INDICATION OF INJURY,0,0,0,0,0,2,0,12,5,5,41.75156546,-87.58542288,POINT (-87.585422877179 41.751565461134)
7b66634f92bc0ea03bc8cc961f1b71660ef207419cf9c02d28df9085ad58612e201309c6c1fc90c42d4a6c2a5f96740e631fcab74e1dbe160c33ee904cb579e1,JF116138,Y,44579.00069,30,TRAFFIC SIGNAL,FUNCTIONING PROPERLY,CLEAR,"DARKNESS, LIGHTED ROAD",FIXED OBJECT,NOT DIVIDED,,STRAIGHT AND LEVEL,DRY,NO DEFECTS,ON SCENE,INJURY AND / OR TOW DUE TO CRASH,,,,"OVER $1,500",44579.04375,UNABLE TO DETERMINE,UNABLE TO DETERMINE,1957,E,83RD ST,412,,,,,,,1,,,,,,,,,0,3,1,41.74420795,-87.5769456,POINT (-87.576945603313 41.744207953144)
9a54fb222741ad6491a4b80f08e2a3a1991ec4efc61ef96af8d7f8bbd831420fe7a1ca1ef754c3e7b1c61b460498aa3975fd4ac2a8fe02593ebca4895492b9ce,JF375108,,44802.63542,30,NO CONTROLS,NO CONTROLS,CLEAR,DAYLIGHT,SIDESWIPE SAME DIRECTION,DIVIDED - W/MEDIAN BARRIER,,STRAIGHT ON GRADE,DRY,NO DEFECTS,ON SCENE,INJURY AND / OR TOW DUE TO CRASH,,,Y,"OVER $1,500",44802.65278,UNABLE TO DETERMINE,UNABLE TO DETERMINE,11058,S,HALSTED ST,2233,,,,,,,2,NO INDICATION OF INJURY,0,0,0,0,0,2,0,15,2,8,41.69244519,-87.64252708,POINT (-87.642527076347 41.692445188459)
5c7793a3de21425a65d455c7b9752b07e904d79769a483b578d3d53df38975c1a401a4a4f3692fa0a498d60a89b06a62b1da519f13d8bb41d0958d1548ba82f4,JF319506,,44757.75,20,NO CONTROLS,NO CONTROLS,CLEAR,DAYLIGHT,PARKED MOTOR VEHICLE,OTHER,,STRAIGHT AND LEVEL,DRY,NO DEFECTS,NOT ON SCENE (DESK REPORT),NO INJURY / DRIVE AWAY,,,,"OVER $1,500",44758.41667,IMPROPER BACKING,NOT APPLICABLE,5142,S,WASHTENAW AVE,923,,,,,,,2,NO INDICATION OF INJURY,0,0,0,0,0,1,0,18,6,7,41.79974771,-87.69167031,POINT (-87.691670312513 41.799747707896)
5d84953c6871135b8c099592f77337d421cdb8441bb4a2eef5b7132808f37e7874ac47623fc34725d3e3a1300273c2802e7d2b8bebb740fec1489fba2cf4f20b,JF319783,,44757.72222,30,NO CONTROLS,NO CONTROLS,RAIN,DAYLIGHT,REAR END,NOT DIVIDED,,STRAIGHT AND LEVEL,WET,NO DEFECTS,NOT ON SCENE (DESK REPORT),NO INJURY / DRIVE AWAY,,,,"$501 - $1,500",44758.61319,NOT APPLICABLE,NOT APPLICABLE,320,N,DAMEN AVE,1223,,,,,,,2,NO INDICATION OF INJURY,0,0,0,0,0,2,0,17,6,7,41.88749279,-87.67695914,POINT (-87.676959141648 41.88749279407)
5dd0be8e14dc0e92fe1b761ca1b1f2878385ce2d3ac4d037fd81f915e2af6b6cc083a1bc9a01f7daf7156158dd1c0e7d4712c50ba97c9ab469b1b3b6ab27fa2c,JF318985,,44757.79167,30,TRAFFIC SIGNAL,FUNCTIONING PROPERLY,RAIN,DUSK,REAR END,ONE-WAY,,STRAIGHT AND LEVEL,WET,SHOULDER DEFECT,NOT ON SCENE (DESK REPORT),NO INJURY / DRIVE AWAY,,,Y,"OVER $1,500",44757.80556,FOLLOWING TOO CLOSELY,UNABLE TO DETERMINE,810,W,99TH ST,2232,,,,,,,2,NO INDICATION OF INJURY,0,0,0,0,0,2,0,19,6,7,41.71431828,-87.64349333,POINT (-87.643493332556 41.714318279548)
7a4a219755983cb5292e337502de34d383c60b66021b639758daa951d0a4970bed55c1ecd86f2c7e8a785d7f1e8a8edb71eac7202127279e4c9ec48b980f2e18,JB158275,,43150.98958,0,NO CONTROLS,NO CONTROLS,RAIN,"DARKNESS, LIGHTED ROAD",FIXED OBJECT,OTHER,0,STRAIGHT AND LEVEL,WET,NO DEFECTS,NOT ON SCENE (DESK REPORT),NO INJURY / DRIVE AWAY,,,Y,"OVER $1,500",43150.99306,NOT APPLICABLE,NOT APPLICABLE,300,W,GARFIELD BLVD,935,,,,,,,1,NO INDICATION OF INJURY,0,0,0,0,0,1,0,23,2,2,41.79462283,-87.63306376,POINT (-87.633063763202 41.794622829011)
7b6b105a486e1a67a2ff55ec0c9320b1fefac230f99722b0fc68ddc55e9be962d601dc53c863320087c001cb10b3b983cb3eced7d0991db1accce7ff66c02b42,JC337162,,43652.44792,25,TRAFFIC SIGNAL,FUNCTIONING PROPERLY,CLEAR,DAYLIGHT,REAR END,NOT DIVIDED,,STRAIGHT AND LEVEL,DRY,NO DEFECTS,ON SCENE,NO INJURY / DRIVE AWAY,,,,"OVER $1,500",43652.475,UNABLE TO DETERMINE,UNABLE TO DETERMINE,1169,E,63RD ST,314,,,,,,,2,NO INDICATION OF INJURY,0,0,0,0,0,2,0,10,7,7,41.78040725,-87.59672239,POINT (-87.596722392683 41.780407246098)
7a87392fdfec80102ee69f21bf7a4fe3aca941d91c30daf4e5cef29f85d1c0377d02aef00ff0d31a8fdcb3038026254dbac294e612e51980eef559a7fc2f82d5,JC322276,,43642.17361,30,TRAFFIC SIGNAL,FUNCTIONING PROPERLY,CLEAR,"DARKNESS, LIGHTED ROAD",REAR END,UNKNOWN INTERSECTION TYPE,,STRAIGHT AND LEVEL,DRY,NO DEFECTS,ON SCENE,INJURY AND / OR TOW DUE TO CRASH,Y,,,"OVER $1,500",43642.17431,UNABLE TO DETERMINE,NOT APPLICABLE,121,W,43RD ST,215,,,,,,,2,NO INDICATION OF INJURY,0,0,0,0,0,2,0,4,4,6,41.81633382,-87.62955373,POINT (-87.629553733402 41.816333818572)
5df21d08a0a4fc5d9adcc819d76a6bab837f12f8f297ba8a951ef375bfa4f629cb1b396b77bebee602b121781c5ea2551a68bf6cbcbd3a0e32bfb3fa2e32f060,JF318651,,44757.59722,30,NO CONTROLS,NO CONTROLS,RAIN,DAYLIGHT,ANGLE,ONE-WAY,,STRAIGHT AND LEVEL,WET,UNKNOWN,ON SCENE,INJURY AND / OR TOW DUE TO CRASH,,,,"OVER $1,500",44757.61944,FAILING TO YIELD RIGHT-OF-WAY,FAILING TO YIELD RIGHT-OF-WAY,11,S,PARKSIDE AVE,1513,,,,,,,3,"REPORTED, NOT EVIDENT",1,0,0,0,1,1,0,14,6,7,41.8798573,-87.76633025,POINT (-87.766330247502 41.879857296913)
5dfdcbfc78f62b314acd268c8edfea04a44a06e42a1c512cbee2c2915b82d14bb7b2917dd21b627258caebc8036cef0463f0f7e9c8c0e990362423ecef020956,JF318074,,44757.08333,25,NO CONTROLS,NO CONTROLS,CLEAR,DARKNESS,PARKED MOTOR VEHICLE,NOT DIVIDED,,STRAIGHT AND LEVEL,DRY,NO DEFECTS,ON SCENE,INJURY AND / OR TOW DUE TO CRASH,,,,"OVER $1,500",44757.09167,FAILING TO REDUCE SPEED TO AVOID CRASH,NOT APPLICABLE,5424,S,LAWNDALE AVE,822,,,,,,,3,NONINCAPACITATING INJURY,1,0,0,1,0,0,0,2,6,7,41.79437669,-87.71598223,POINT (-87.715982232072 41.794376694387)
9b9b87f8974522c1f8fbac85e67140cba32fd703710c2f9dcfca63ba4293bdfd058c16937e1a61fab41da894ca0bab04bdbcccf33fa5e714774b82b541a934d5,JF377831,,44802.41667,20,NO CONTROLS,NO CONTROLS,UNKNOWN,DAYLIGHT,PARKED MOTOR VEHICLE,PARKING LOT,,STRAIGHT AND LEVEL,UNKNOWN,UNKNOWN,NOT ON SCENE (DESK REPORT),NO INJURY / DRIVE AWAY,,,Y,"OVER $1,500",44804.6875,UNABLE TO DETERMINE,NOT APPLICABLE,2004,N,LEAMINGTON AVE,2522,,,,,,,2,NO INDICATION OF INJURY,0,0,0,0,0,1,0,10,2,8,41.9170653,-87.75475092,POINT (-87.754750919319 41.917065294688)
9d65aca428e411181699e9bd7c37ee7952bb61a3e2188d549c93a39a3ea2f05d716b929c8d11b8dbb0c3a0bd98d327d2e5befccde12eab2cf7f2135082cff5d1,JF374905,,44802.54167,30,NO CONTROLS,NO CONTROLS,RAIN,DAYLIGHT,OTHER OBJECT,ONE-WAY,,STRAIGHT AND LEVEL,WET,UNKNOWN,NOT ON SCENE (DESK REPORT),NO INJURY / DRIVE AWAY,,,,"OVER $1,500",44802.59375,WEATHER,UNABLE TO DETERMINE,5725,N,ARTESIAN AVE,2011,,,,,,,1,,,,,,,,,13,2,8,41.98575489,-87.69058963,POINT (-87.690589630119 41.985754888435)
5f779e431eaeee14c7851983ec34cad84e1a963ac18e94ea648ab0b30e687a32b5900fe03fce18b7f3ed7e32293f2ad69f9e9fae6e121c5effa742eddb504a2d,JF320824,,44757.00069,20,NO CONTROLS,NO CONTROLS,UNKNOWN,UNKNOWN,PARKED MOTOR VEHICLE,ONE-WAY,,STRAIGHT AND LEVEL,UNKNOWN,UNKNOWN,NOT ON SCENE (DESK REPORT),NO INJURY / DRIVE AWAY,,,Y,"OVER $1,500",44759.60417,UNABLE TO DETERMINE,NOT APPLICABLE,4319,S,SACRAMENTO AVE,922,,,,,,,2,NO INDICATION OF INJURY,0,0,0,0,0,1,0,0,6,7,41.81487472,-87.69917382,POINT (-87.699173823051 41.814874717192)
5fda4c97727cc5834d1661b6df6ad352901129f7f8248897a7545caef0c1eccf61bdec564f3e43fba6486210d0c3bc44d2b92ea7da61d2443ae40f5106166a6c,JF318237,,44757.33333,30,NO CONTROLS,NO CONTROLS,RAIN,DAYLIGHT,REAR END,NOT DIVIDED,,STRAIGHT AND LEVEL,WET,NO DEFECTS,ON SCENE,NO INJURY / DRIVE AWAY,,,,"OVER $1,500",44757.34722,FOLLOWING TOO CLOSELY,DRIVING SKILLS/KNOWLEDGE/EXPERIENCE,404,N,MILWAUKEE AVE,1214,,,,,,,2,NO INDICATION OF INJURY,0,0,0,0,0,2,0,8,6,7,41.88909806,-87.64461303,POINT (-87.644613034111 41.889098059279)
7b627925416a5c918ad54cd91fd980f8b07ee116e9f9d6c3e3397c0ca936df4bb43214078526cc026a100b88ec7b7dc881a124b380478d23417c56c09196b27d,JE246623,,44345.39722,30,TRAFFIC SIGNAL,FUNCTIONING PROPERLY,CLEAR,DAYLIGHT,REAR END,NOT DIVIDED,,STRAIGHT AND LEVEL,UNKNOWN,UNKNOWN,NOT ON SCENE (DESK REPORT),NO INJURY / DRIVE AWAY,,,,"$501 - $1,500",44345.41667,UNABLE TO DETERMINE,NOT APPLICABLE,2374,W,PERSHING RD,911,,,,,,,2,NO INDICATION OF INJURY,0,0,0,0,0,2,0,9,7,5,41.82310294,-87.68492618,POINT (-87.684926180409 41.823102939734)
7bb0ed02e7d7e756444ddb994dc86c3939704112b4da59bb7d531dce86a12a7e2f2205816f398ca8f9a4f4b6bdd5ca6cc6d459509711c60b59dde97913910390,JC511716,,43784.68056,35,NO CONTROLS,NO CONTROLS,CLEAR,"DARKNESS, LIGHTED ROAD",TURNING,NOT DIVIDED,,STRAIGHT AND LEVEL,DRY,NO DEFECTS,ON SCENE,NO INJURY / DRIVE AWAY,Y,,,"OVER $1,500",43784.68056,IMPROPER LANE USAGE,UNABLE TO DETERMINE,3351,W,DEVON AVE,1711,,,,,,,2,NO INDICATION OF INJURY,0,0,0,0,0,3,0,16,6,11,41.99720745,-87.7137025,POINT (-87.713702494937 41.99720745013)
78ff19ba99f0bd79d35e566a2c3bcce4fdea1fed55298053f986c5f5fdb110418e9490dc535c5b3cfa1d0a10880190a1c9c4e6af397817bf6894ae4cdd79f588,JF101241,,44563.51736,15,NO CONTROLS,NO CONTROLS,CLEAR,DAYLIGHT,ANGLE,PARKING LOT,,STRAIGHT AND LEVEL,DRY,NO DEFECTS,NOT ON SCENE (DESK REPORT),NO INJURY / DRIVE AWAY,,,,"$501 - $1,500",44563.53472,IMPROPER BACKING,NOT APPLICABLE,2105,S,JEFFERSON ST,1235,,,,,,,2,NO INDICATION OF INJURY,0,0,0,0,0,2,0,12,1,1,41.85407104,-87.64160034,POINT (-87.641600343301 41.854071035063)
79ee02e5b02273161bb4308f2cb3f41ace68715e4147b4791965d602618d575be174dd94570d5c0474880573903d93a4d37a622e7a99df73c239949534951123,JE274014,,44368.35417,25,NO CONTROLS,NO CONTROLS,CLOUDY/OVERCAST,DAYLIGHT,OTHER OBJECT,ALLEY,,STRAIGHT AND LEVEL,UNKNOWN,DEBRIS ON ROADWAY,ON SCENE,NO INJURY / DRIVE AWAY,,,,"OVER $1,500",44368.36458,EQUIPMENT - VEHICLE CONDITION,UNABLE TO DETERMINE,7456,S,CLAREMONT AVE,835,,,,,,,1,NO INDICATION OF INJURY,0,0,0,0,0,1,0,8,2,6,41.75788815,-87.68188699,POINT (-87.68188698627 41.75788814794)
6005ceb2d995adeedb6ab40d6c0338ecdc50c80c02732e09d1a4329c108cb5c951f7408bd9d5de8e7a834222b97921881d0d41e7e0bb4ab121b609cecbbba4d0,JF318603,,44757.54861,30,NO CONTROLS,NO CONTROLS,CLEAR,DAYLIGHT,SIDESWIPE SAME DIRECTION,NOT DIVIDED,,STRAIGHT AND LEVEL,DRY,NO DEFECTS,NOT ON SCENE (DESK REPORT),INJURY AND / OR TOW DUE TO CRASH,,,,"$501 - $1,500",44757.59028,IMPROPER OVERTAKING/PASSING,FAILING TO YIELD RIGHT-OF-WAY,1101,S,CANAL ST,124,,,,,,,2,"REPORTED, NOT EVIDENT",2,0,0,0,2,2,0,13,6,7,41.86888971,-87.63909893,POINT (-87.639098928088 41.868889711112)