CRASH_RECORD_ID,RD_NO,CRASH_DATE_EST_I,CRASH_DATE,POSTED_SPEED_LIMIT,TRAFFIC_CONTROL_DEVICE,DEVICE_CONDITION,WEATHER_CONDITION,LIGHTING_CONDITION,FIRST_CRASH_TYPE,TRAFFICWAY_TYPE,LANE_CNT,ALIGNMENT,ROADWAY_SURFACE_COND,ROAD_DEFECT,REPORT_TYPE,CRASH_TYPE,INTERSECTION_RELATED_I,NOT_RIGHT_OF_WAY_I,HIT_AND_RUN_I,DAMAGE,DATE_POLICE_NOTIFIED,PRIM_CONTRIBUTORY_CAUSE,SEC_CONTRIBUTORY_CAUSE,STREET_NO,STREET_DIRECTION,STREET_NAME,BEAT_OF_OCCURRENCE,PHOTOS_TAKEN_I,STATEMENTS_TAKEN_I,DOORING_I,WORK_ZONE_I,WORK_ZONE_TYPE,WORKERS_PRESENT_I,NUM_UNITS,MOST_SEVERE_INJURY,INJURIES_TOTAL,INJURIES_FATAL,INJURIES_INCAPACITATING,INJURIES_NON_INCAPACITATING,INJURIES_REPORTED_NOT_EVIDENT,INJURIES_NO_INDICATION,INJURIES_UNKNOWN,CRASH_HOUR,CRASH_DAY_OF_WEEK,CRASH_MONTH,LATITUDE,LONGITUDE,LOCATION
b313fc309a2835a7b92ff4380c3d1fd048e2973b99c0646e5938d822ab139d1814ed8ea7fca6fd686ef180087e1b51f7bbade4606065812087b48d2a1397c0cb,JF375101,,44802.675,30,STOP SIGN/FLASHER,FUNCTIONING PROPERLY,CLEAR,DAYLIGHT,ANGLE,NOT DIVIDED,,STRAIGHT AND LEVEL,DRY,NO DEFECTS,ON SCENE,INJURY AND / OR TOW DUE TO CRASH,Y,,,"OVER $1,500",44802.68472,FAILING TO YIELD RIGHT-OF-WAY,UNABLE TO DETERMINE,4300,S,PRAIRIE AVE,215,,,,,,,2,NO INDICATION OF INJURY,0,0,0,0,0,2,0,16,2,8,41.81649349,-87.61993514,POINT (-87.619935135497 41.81649349083)
72c272439fc6c2e94695ab0368946b8dadba9cf2c4f7c4acc4dec6f42e5a9b1d263f970ba4d61a922a7aa823d6c8fa8f014abb2dc5dba822d0eaf4fe1f6ad25b,JF318951,Y,44757.75,15,NO CONTROLS,NO CONTROLS,CLEAR,DUSK,PEDALCYCLIST,DRIVEWAY,,STRAIGHT AND LEVEL,WET,NO DEFECTS,NOT ON SCENE (DESK REPORT),NO INJURY / DRIVE AWAY,,,,$500 OR LESS,44757.78125,UNABLE TO DETERMINE,UNABLE TO DETERMINE,3806,W,DIVISION ST,2535,,,,,,,2,NO INDICATION OF INJURY,0,0,0,0,0,2,0,18,6,7,41.90281987,-87.72176645,POINT (-87.721766452123 41.902819868301)
79b190d27128a7438fed0b3d31d1be31910e9f69b6ed46d585f2751c5899af25108b338a2cbbeb25307dfdb4d8f726cfb6f05b76391158adc65b3f222a712b80,JD150091,,43874.37153,15,STOP SIGN/FLASHER,FUNCTIONING PROPERLY,SNOW,DAYLIGHT,ANGLE,NOT DIVIDED,,STRAIGHT AND LEVEL,SNOW OR SLUSH,NO DEFECTS,ON SCENE,NO INJURY / DRIVE AWAY,Y,,,"$501 - $1,500",43874.375,FAILING TO YIELD RIGHT-OF-WAY,FAILING TO YIELD RIGHT-OF-WAY,8500,S,KOSTNER AVE,834,,,,,,,2,NO INDICATION OF INJURY,0,0,0,0,0,2,0,8,5,2,41.73825623,-87.73140565,POINT (-87.73140565048 41.738256227338)
72dde4c88c354fa20122c1ad317a2e99aafa4632e3a0c3db28e85473d6c2ad4a2b1c35e14b4b4104105a8054a1a68df63c037afa76e078052c7e3574dece0e25,JF318545,,44757.33333,15,NO CONTROLS,NO CONTROLS,RAIN,DAYLIGHT,PARKED MOTOR VEHICLE,ONE-WAY,,STRAIGHT AND LEVEL,WET,NO DEFECTS,ON SCENE,NO INJURY / DRIVE AWAY,,,Y,"$501 - $1,500",44757.42847,UNABLE TO DETERMINE,UNABLE TO DETERMINE,8723,S,CALUMET AVE,632,,,,,,,2,NO INDICATION OF INJURY,0,0,0,0,0,1,0,8,6,7,41.73578262,-87.61596799,POINT (-87.615967987696 41.735782618599)
7b2c8855bf404d12977db728bcbb3d630dd79a00a7b53ce6e47f4e6080dd7fd41f194a8c7433f223a30b79863d1ac2e9f65a81046921cc39caa6e9f690f4c379,JB471291,,43369.61806,30,NO CONTROLS,NO CONTROLS,CLEAR,DAYLIGHT,REAR END,DIVIDED - W/MEDIAN (NOT RAISED),,STRAIGHT AND LEVEL,DRY,NO DEFECTS,NOT ON SCENE (DESK REPORT),NO INJURY / DRIVE AWAY,,,N,"OVER $1,500",43384.48958,FOLLOWING TOO CLOSELY,NOT APPLICABLE,1633,N,MILWAUKEE AVE,1434,,,,,,,2,NO INDICATION OF INJURY,0,0,0,0,0,2,0,14,4,9,41.91115346,-87.67843965,POINT (-87.678439650415 41.911153463034)
79b0ee4764f78c54440c8bece53382010da54276ad4330dd9552de75f55971d9daf402e2a619720c6b47a5dac4eb43d148f14c490012a4cb426b49c16c4670f8,JB554718,,43449.64583,30,NO CONTROLS,NO CONTROLS,CLEAR,DAYLIGHT,PARKED MOTOR VEHICLE,DIVIDED - W/MEDIAN BARRIER,4,STRAIGHT AND LEVEL,DRY,NO DEFECTS,ON SCENE,INJURY AND / OR TOW DUE TO CRASH,,,Y,"OVER $1,500",43449.65139,UNABLE TO DETERMINE,NOT APPLICABLE,1237,N,ASHLAND AVE,1433,,,,,,,4,NO INDICATION OF INJURY,0,0,0,0,0,3,0,15,7,12,41.9044632,-87.66737841,POINT (-87.667378411963 41.904463198251)
7350f7db2e8290ab6654b0256ed01877eea38c68cfe83d3798ec7673676289fbc41a9e8e895c1ff81de2dd88683072a08d4c7e910b29194de79862f728ccb492,JF318616,,44757.59653,25,STOP SIGN/FLASHER,FUNCTIONING PROPERLY,CLOUDY/OVERCAST,DAYLIGHT,SIDESWIPE OPPOSITE DIRECTION,DIVIDED - W/MEDIAN (NOT RAISED),,STRAIGHT AND LEVEL,WET,NO DEFECTS,ON SCENE,INJURY AND / OR TOW DUE TO CRASH,,,Y,"OVER $1,500",44757.59653,"OPERATING VEHICLE IN ERRATIC, RECKLESS, CARELESS, NEGLIGENT OR AGGRESSIVE MANNER",FAILING TO REDUCE SPEED TO AVOID CRASH,6506,S,LOOMIS BLVD,725,,,,,,,3,NONINCAPACITATING INJURY,1,0,0,1,0,3,0,14,6,7,41.77563913,-87.65940364,POINT (-87.659403636418 41.775639125806)
7403a364426314033aad6dad536727f2152cff120e83b27e4d9882bf43ffd12333141e543d4b018945054b27709b5f76580afa665f1c7820fe5479de2c3502b4,JF318488,,44757.51042,30,TRAFFIC SIGNAL,FUNCTIONING PROPERLY,RAIN,DAYLIGHT,TURNING,NOT DIVIDED,,STRAIGHT AND LEVEL,WET,NO DEFECTS,NOT ON SCENE (DESK REPORT),NO INJURY / DRIVE AWAY,,,,"OVER $1,500",44757.52708,IMPROPER OVERTAKING/PASSING,UNABLE TO DETERMINE,1198,N,LA SALLE DR,1824,,,,,,,2,NO INDICATION OF INJURY,0,0,0,0,0,3,0,12,6,7,41.90383715,-87.63306611,POINT (-87.633066105278 41.90383714814)
b469f77752cd677ffcb883cad3ac77e8bdb5e48f0e83147cdba4d337ba15a9c57981b029101701bdd96a8204532caa307537e4ef81a96e8c8289940bfa3e3858,JF374391,,44802.31597,40,NO CONTROLS,NO CONTROLS,CLEAR,DAYLIGHT,REAR END,DIVIDED - W/MEDIAN BARRIER,,STRAIGHT AND LEVEL,DRY,UNKNOWN,ON SCENE,INJURY AND / OR TOW DUE TO CRASH,,,,"OVER $1,500",44802.31667,UNABLE TO DETERMINE,UNABLE TO DETERMINE,2100,N,LAKE SHORE DR SB,1814,,,,,,,3,NO INDICATION OF INJURY,0,0,0,0,0,3,0,7,2,8,41.92033631,-87.62977542,POINT (-87.629775417361 41.920336313419)
74aaa0a5b26edeeb6c598a7ffca63fe06d71c732d6fd598d6e3697ea60fc612f60abff898141c4489f1f44f81d004edf2be4b56d6463268cd074e4458b933f27,JF323489,,44757.72917,15,NO CONTROLS,NO CONTROLS,RAIN,DAYLIGHT,PARKED MOTOR VEHICLE,NOT DIVIDED,,STRAIGHT AND LEVEL,UNKNOWN,UNKNOWN,NOT ON SCENE (DESK REPORT),NO INJURY / DRIVE AWAY,,,,"OVER $1,500",44761.60833,IMPROPER LANE USAGE,NOT APPLICABLE,1322,W,WOLFRAM ST,1932,,,,,,,2,NO INDICATION OF INJURY,0,0,0,0,0,1,0,17,6,7,41.93351828,-87.66225813,POINT (-87.662258131676 41.933518275518)
b49239d89bc9672a2dfb383a4dc02b381999f754bcda5a848b17924766faea48c656d870376f8afd71a36fa9aa31b21e712f13951a25b76f136614a338f1f28c,JF374382,,44802.3125,30,NO CONTROLS,NO CONTROLS,CLEAR,DAYLIGHT,FIXED OBJECT,DRIVEWAY,,STRAIGHT AND LEVEL,DRY,NO DEFECTS,ON SCENE,NO INJURY / DRIVE AWAY,,,,"OVER $1,500",44802.32431,UNABLE TO DETERMINE,NOT APPLICABLE,202,E,CHICAGO AVE,1833,,,,,,,1,NO INDICATION OF INJURY,0,0,0,0,0,1,0,7,2,8,41.89686904,-87.62249419,POINT (-87.622494191221 41.896869040157)
7515676b1c347ce81efe59ff9631a29bfc045769405b2dc86642ac9a6fe6e3d100350f732d7eade826b686644e8831bc9438686a2b08fcb01e62e5be8f82ebe8,JF318770,,44757.48958,30,STOP SIGN/FLASHER,NO CONTROLS,CLEAR,DAYLIGHT,REAR END,NOT DIVIDED,,STRAIGHT AND LEVEL,DRY,NO DEFECTS,NOT ON SCENE (DESK REPORT),NO INJURY / DRIVE AWAY,,,,"OVER $1,500",44757.68125,FOLLOWING TOO CLOSELY,WEATHER,7600,S,INDIANA AVE,623,,,,,,,2,NO INDICATION OF INJURY,0,0,0,0,0,4,0,11,6,7,41.75640481,-87.6200325,POINT (-87.62003250391 41.756404805121)
7aed3c9e97aa264badffea15ad0439e38f089911b0201c6ab49f8f0ed393b915f33c7bf0eea50cab4dbb3c257f43530c5970971ac9d9fb858ac25393e76bcc81,JF148742,,44610.65625,30,TRAFFIC SIGNAL,FUNCTIONING PROPERLY,CLEAR,DAYLIGHT,REAR END,DIVIDED - W/MEDIAN (NOT RAISED),,STRAIGHT AND LEVEL,DRY,NO DEFECTS,NOT ON SCENE (DESK REPORT),NO INJURY / DRIVE AWAY,,,,"OVER $1,500",44610.6875,UNABLE TO DETERMINE,UNABLE TO DETERMINE,3951,N,CICERO AVE,1731,,,,,,,2,NO INDICATION OF INJURY,0,0,0,0,0,2,0,15,6,2,41.95312753,-87.74716016,POINT (-87.747160155152 41.953127531384)
7678533fe3b95b8ddf30308985fd0b6c3c0e3a03c3cdc3b805e7ca76d43aed06c82187fa07d27659bef7eb6a27da86399ada45decc73594ab1783a72e76f1976,JF318744,,44757.03125,30,NO CONTROLS,NO CONTROLS,CLEAR,DUSK,SIDESWIPE SAME DIRECTION,NOT DIVIDED,,STRAIGHT AND LEVEL,DRY,NO DEFECTS,NOT ON SCENE (DESK REPORT),NO INJURY / DRIVE AWAY,,,Y,"$501 - $1,500",44757.67153,UNABLE TO DETERMINE,UNABLE TO DETERMINE,5700,S,NARRAGANSETT AVE,811,,,,,,,2,NO INDICATION OF INJURY,0,0,0,0,0,3,0,0,6,7,41.78858002,-87.78181413,POINT (-87.78181413191 41.788580015024)
76f189381c768a8a5cc532652e4cc317cea5221c8f7530b376f9894efb9146898835e3108fe5251e82415addf613d9b4cd8ca870dcaac6f816722bc29122d404,JF318475,,44757.51042,35,TRAFFIC SIGNAL,FUNCTIONING PROPERLY,RAIN,DAYLIGHT,REAR END,ONE-WAY,,STRAIGHT AND LEVEL,WET,NO DEFECTS,ON SCENE,NO INJURY / DRIVE AWAY,Y,,,"$501 - $1,500",44757.51389,FOLLOWING TOO CLOSELY,FAILING TO REDUCE SPEED TO AVOID CRASH,100,N,BESSIE COLEMAN DR,1654,,,,,,,2,NO INDICATION OF INJURY,0,0,0,0,0,2,0,12,6,7,,,
76f62cfa811dc8bdb2f29ff625336177ed561e69b56a900afbd1f1791659f849bb404c65f8a90147cf47232ae2486a407266f25461e9a3b8db9dbcc67d22c7e3,JF318420,,44757.45833,10,NO CONTROLS,NO CONTROLS,RAIN,DAYLIGHT,PARKED MOTOR VEHICLE,PARKING LOT,,STRAIGHT AND LEVEL,WET,NO DEFECTS,NOT ON SCENE (DESK REPORT),NO INJURY / DRIVE AWAY,,Y,,"OVER $1,500",44757.47917,DRIVING SKILLS/KNOWLEDGE/EXPERIENCE,NOT APPLICABLE,1550,N,KINGSBURY ST,1822,,,,,,,2,NO INDICATION OF INJURY,0,0,0,0,0,2,0,11,6,7,41.90939879,-87.6530507,POINT (-87.653050697894 41.909398787809)
773a898bbd6fde3308f73911005cec2e5ec59c543c5844d18261f5ce660b74f5f720385baddcc2a582dbbfe4a30c70045e2093fe4b524ccc8bd729dadf07f651,JF322508,,44757.99306,30,NO CONTROLS,NO CONTROLS,CLEAR,"DARKNESS, LIGHTED ROAD",SIDESWIPE SAME DIRECTION,ONE-WAY,,STRAIGHT AND LEVEL,DRY,NO DEFECTS,NOT ON SCENE (DESK REPORT),NO INJURY / DRIVE AWAY,,,Y,$500 OR LESS,44760.80903,UNABLE TO DETERMINE,NOT APPLICABLE,825,W,SUNNYSIDE AVE,1914,,,,,,,2,NO INDICATION OF INJURY,0,0,0,0,0,2,0,23,6,7,41.96354594,-87.65097689,POINT (-87.650976887706 41.963545940683)
7afc46133e8b5d937934a46854a11263f49039443ca3e071341f64865759cbfa396f812daebd33f5019551aec580993224815d362addec09fd5a5993f09f73f1,HZ347879,,42559.63889,30,STOP SIGN/FLASHER,FUNCTIONING PROPERLY,CLEAR,DAYLIGHT,ANGLE,NOT DIVIDED,2,STRAIGHT AND LEVEL,DRY,NO DEFECTS,NOT ON SCENE (DESK REPORT),NO INJURY / DRIVE AWAY,Y,,,"OVER $1,500",42564.82222,DISREGARDING STOP SIGN,NOT APPLICABLE,302,N,HOMAN AVE,1123,Y,,,,,,2,NO INDICATION OF INJURY,0,0,0,0,0,2,0,15,6,7,41.88647296,-87.71131783,POINT (-87.711317831935 41.886472960362)
7b8089dfbe341bd7a16acf16cb7d8299c734067275435d28435d3ec9effcca82352adc3bf56a3304fc5cbe14e049465a1e8346affe70da0df837c2e47d997478,JB422590,,43347.87986,30,NO CONTROLS,NO CONTROLS,CLEAR,DAYLIGHT,PARKED MOTOR VEHICLE,ONE-WAY,1,STRAIGHT AND LEVEL,DRY,NO DEFECTS,NOT ON SCENE (DESK REPORT),NO INJURY / DRIVE AWAY,,,,"OVER $1,500",43347.89583,IMPROPER OVERTAKING/PASSING,UNABLE TO DETERMINE,5517,N,KENMORE AVE,2023,,,,,,,2,NO INDICATION OF INJURY,0,0,0,0,0,1,0,21,3,9,41.98240319,-87.65643464,POINT (-87.656434639879 41.982403185612)
78f0821f4a67dc72b4e58e76fdf281670c42cd15703b0dc1b1f039a4cb5ff5a53a98c0945a6ef7cec45b8fa4afd1f9c563c20cc539fdea4d5c44270bb80091c4,JC433175,,43722.57986,30,NO CONTROLS,NO CONTROLS,CLEAR,DAYLIGHT,SIDESWIPE SAME DIRECTION,DIVIDED - W/MEDIAN (NOT RAISED),,STRAIGHT AND LEVEL,DRY,NO DEFECTS,NOT ON SCENE (DESK REPORT),NO INJURY / DRIVE AWAY,,,,"OVER $1,500",43722.58681,FAILING TO YIELD RIGHT-OF-WAY,UNABLE TO DETERMINE,8155,S,HALSTED ST,622,,,,,,,2,NO INDICATION OF INJURY,0,0,0,0,0,5,0,13,7,9,41.74539403,-87.64374111,POINT (-87.643741105437 41.745394032649)
775bbd61f77049333216f036d5ef9025ce8ce625b242c9ebd9aa46b2823eab9ac21d4656cf4dd8abba887fafee226fa6ccbf8f768ce3ce0390bc9fad7b351a9d,JF318364,,44757.43681,30,TRAFFIC SIGNAL,FUNCTIONING PROPERLY,RAIN,DAYLIGHT,SIDESWIPE OPPOSITE DIRECTION,CENTER TURN LANE,,STRAIGHT AND LEVEL,WET,UNKNOWN,ON SCENE,INJURY AND / OR TOW DUE TO CRASH,,,,"OVER $1,500",44757.44028,WEATHER,UNABLE TO DETERMINE,4745,N,BROADWAY,1914,,,,,,,3,NONINCAPACITATING INJURY,3,0,0,3,0,1,0,10,6,7,41.96848739,-87.65928284,POINT (-87.65928283491 41.968487385198)
776385fc43471ef2eb004bfd42a92b94ab20a83e2a7f8381cb9f1e4eb46376e2c6d57fa9800c7c10def56a0c8c3efe1da2e4f3632c39df5f26f7ce6de6e3851e,JF318844,,44757.63542,35,NO CONTROLS,NO CONTROLS,RAIN,DAYLIGHT,TURNING,ONE-WAY,,STRAIGHT AND LEVEL,WET,NO DEFECTS,NOT ON SCENE (DESK REPORT),NO INJURY / DRIVE AWAY,,,,"OVER $1,500",44757.72222,FOLLOWING TOO CLOSELY,UNABLE TO DETERMINE,1940,E,72ND PL,333,,,,,,,2,NO INDICATION OF INJURY,0,0,0,0,0,2,0,15,6,7,41.76353604,-87.57770253,POINT (-87.577702534073 41.763536044406)
77d09ac7d065fc4819fda4d2c2f888d080dd4b1e9c7ca80ad63cbe8943c0a21c06bd1027524ea6344fb24b76b422a044b0bc45a5e309637a174e7a08f1ffae78,JF318544,,44757.53819,30,TRAFFIC SIGNAL,FUNCTIONING PROPERLY,RAIN,DAYLIGHT,REAR END,DIVIDED - W/MEDIAN (NOT RAISED),,STRAIGHT AND LEVEL,WET,NO DEFECTS,ON SCENE,INJURY AND / OR TOW DUE TO CRASH,Y,,,"OVER $1,500",44757.53819,DISTRACTION - FROM INSIDE VEHICLE,DRIVING SKILLS/KNOWLEDGE/EXPERIENCE,4517,S,ARCHER AVE,821,,,,,,,4,"REPORTED, NOT EVIDENT",2,0,0,0,2,4,0,12,6,7,41.81124651,-87.70864519,POINT (-87.708645189009 41.811246511152)
7851da14b2ff92b29be51f282ab04fb6707eb1ed31ccd37fee2dbed82c50fda5f07447cf56b7a1d47832d5864fb7b570f1b03eaee5b27e335549b0cc20e12873,JF324762,,44757.33333,30,TRAFFIC SIGNAL,FUNCTIONING PROPERLY,RAIN,DAYLIGHT,TURNING,NOT DIVIDED,,STRAIGHT AND LEVEL,WET,UNKNOWN,NOT ON SCENE (DESK REPORT),NO INJURY / DRIVE AWAY,Y,,,"$501 - $1,500",44762.56111,WEATHER,IMPROPER TURNING/NO SIGNAL,800,W,NORTH AVE,1813,,,,,,,2,NO INDICATION OF INJURY,0,0,0,0,0,2,0,8,6,7,41.91102851,-87.64833581,POINT (-87.64833580602 41.911028509812)
7c33c32f2602ae5dc93585ca9e306aa2bb344ce7d5552ae99ca1ebbc48b3b1a166ba12a96c112bafffdd46448f2c0c3895c029bc6fdc6466987ab75a5ea36147,HZ268614,,42507.33333,35,NO CONTROLS,NO CONTROLS,CLEAR,DAYLIGHT,REAR END,DIVIDED - W/MEDIAN (NOT RAISED),8,STRAIGHT AND LEVEL,DRY,NO DEFECTS,NOT ON SCENE (DESK REPORT),NO INJURY / DRIVE AWAY,,,,"OVER $1,500",42507.78472,NOT APPLICABLE,NOT APPLICABLE,1200,S,COLUMBUS DR,132,,,,,,,2,NO INDICATION OF INJURY,0,0,0,0,0,2,0,8,3,5,41.86738791,-87.62049103,POINT (-87.620491034097 41.867387913926)
7c23f94281db2c612ae603b81d13819d58415666708b733f84ff3622782a2482dea1f8d48c3064543fb0f848110b46fe4c419cfbfac3696963a1d7a2c662b7ac,JC340508,,43654.72917,30,TRAFFIC SIGNAL,FUNCTIONING PROPERLY,CLEAR,DAYLIGHT,PARKED MOTOR VEHICLE,ONE-WAY,,STRAIGHT AND LEVEL,DRY,NO DEFECTS,NOT ON SCENE (DESK REPORT),NO INJURY / DRIVE AWAY,,,Y,"$501 - $1,500",43654.82639,NOT APPLICABLE,NOT APPLICABLE,412,W,WEBSTER AVE,1812,,,,,,,2,NO INDICATION OF INJURY,0,0,0,0,0,1,0,17,2,7,41.92206353,-87.63946771,POINT (-87.639467712841 41.922063531573)
79882ebd2a7e44c20012c87919f8c2fe17a970303b0ea6987cb4acf660a467306029c737849029db4a494a0dc815b1825c00d8e7bdbcf33a1e883592b0deb244,JE346120,,44430.55208,30,STOP SIGN/FLASHER,FUNCTIONING PROPERLY,CLEAR,DAYLIGHT,REAR END,DIVIDED - W/MEDIAN (NOT RAISED),,STRAIGHT AND LEVEL,DRY,NO DEFECTS,NOT ON SCENE (DESK REPORT),NO INJURY / DRIVE AWAY,Y,,,$500 OR LESS,44430.5625,DISTRACTION - FROM INSIDE VEHICLE,DISTRACTION - FROM INSIDE VEHICLE,1158,W,GARFIELD BLVD,934,,,,,,,2,NO INDICATION OF INJURY,0,0,0,0,0,2,0,13,1,8,41.79428032,-87.65480942,POINT (-87.65480941896 41.794280324422)
79d1464669ed5a786e08a8ace967b0cc55d8acfdb40f199b435deb29a9e9c579b4d8c8dd39b2e244ff520f62ec24f21d015dde0eb7989151ae3ea1471c109c63,JB173104,,43158.6875,30,TRAFFIC SIGNAL,FUNCTIONING PROPERLY,CLEAR,DAYLIGHT,SIDESWIPE SAME DIRECTION,NOT DIVIDED,2,STRAIGHT AND LEVEL,DRY,NO DEFECTS,NOT ON SCENE (DESK REPORT),NO INJURY / DRIVE AWAY,,,,"OVER $1,500",43163.39722,IMPROPER OVERTAKING/PASSING,UNABLE TO DETERMINE,744,W,LAWRENCE DR,2024,,,,,,,2,NO INDICATION OF INJURY,0,0,0,0,0,2,0,16,3,2,41.9692949,-87.64951287,POINT (-87.649512869799 41.969294896183)
7bfdeda366a91785edade07042c430dd1817030ef2af8fe47ea27fd0b9f1c69b656329ef6e6bd3cb8e3e5a5a831c4182cadf7832140f2e5ba45bf6e25fa89483,JF285590,,44731.36458,30,TRAFFIC SIGNAL,FUNCTIONING PROPERLY,CLEAR,DAYLIGHT,HEAD ON,DIVIDED - W/MEDIAN (NOT RAISED),,STRAIGHT AND LEVEL,DRY,NO DEFECTS,ON SCENE,INJURY AND / OR TOW DUE TO CRASH,,,Y,"OVER $1,500",44731.36458,DRIVING ON WRONG SIDE/WRONG WAY,UNABLE TO DETERMINE,161,N,LARAMIE AVE,1532,,,,,,,2,NO INDICATION OF INJURY,0,0,0,0,0,2,0,8,1,6,41.88425726,-87.75506072,POINT (-87.755060721999 41.884257262222)
b990cde21371b72179377ef665ae7655decb2b9e9efb076097c9d4319c62ee13ad8a751ed693cf978875b52d15a26a832e6090ebbd020a77280c651036ac62e2,JF374859,,44802.54167,15,NO CONTROLS,NO CONTROLS,RAIN,DUSK,REAR TO FRONT,PARKING LOT,,STRAIGHT AND LEVEL,WET,UNKNOWN,NOT ON SCENE (DESK REPORT),NO INJURY / DRIVE AWAY,,,,$500 OR LESS,44802.56944,WEATHER,IMPROPER BACKING,1000,E,111TH ST,513,,,,,,,2,NO INDICATION OF INJURY,0,0,0,0,0,2,0,13,2,8,41.69262756,-87.59876256,POINT (-87.598762563332 41.692627563603)
7988b9adb7f88ea2532d3a4ef622d321aa6781b1db4657abf51fe92a9b4fcacee39f4179861352b882da5e89ef5a09d71b6362c475d86af480f167f19176b2e6,JC296137,,43623.40625,30,NO CONTROLS,NO CONTROLS,CLEAR,DAYLIGHT,PARKED MOTOR VEHICLE,NOT DIVIDED,,STRAIGHT AND LEVEL,DRY,NO DEFECTS,NOT ON SCENE (DESK REPORT),NO INJURY / DRIVE AWAY,,,Y,"OVER $1,500",43623.59722,FOLLOWING TOO CLOSELY,FOLLOWING TOO CLOSELY,4107,S,ARCHER AVE,921,,,,,,,2,NO INDICATION OF INJURY,0,0,0,0,0,1,0,9,6,6,41.81882465,-87.69629438,POINT (-87.696294378164 41.818824648375)
bb663e1b56c889147d2d0eb24666c61fc5c140e3947bda4b4f5832d894a295912c02205ddc176c12a279e631fed0eb2c7e85d1b91d4789e336f639abd2730b37,JF374455,,44802.36458,15,NO CONTROLS,NO CONTROLS,CLEAR,DAYLIGHT,PARKED MOTOR VEHICLE,ONE-WAY,,STRAIGHT AND LEVEL,DRY,NO DEFECTS,ON SCENE,NO INJURY / DRIVE AWAY,,,,"$501 - $1,500",44802.36806,UNABLE TO DETERMINE,UNABLE TO DETERMINE,3421,N,TRIPP AVE,1731,,,,,,,2,NO INDICATION OF INJURY,0,0,0,0,0,2,0,8,2,8,41.94329505,-87.7333198,POINT (-87.733319795399 41.943295046236)
bc1dd53ef526098b39f19d9768f4268ef2acc7dbd327cd6534f98b53544fbc89893f8918176e67f1e9f1ae5d2462cccc0612a05bfe1bdfc8e551bffafe10abfb,JF374984,,44802.63542,20,NO CONTROLS,NO CONTROLS,CLEAR,DAYLIGHT,ANGLE,NOT DIVIDED,,STRAIGHT ON GRADE,DRY,NO DEFECTS,NOT ON SCENE (DESK REPORT),NO INJURY / DRIVE AWAY,,,,"$501 - $1,500",44802.64236,FAILING TO YIELD RIGHT-OF-WAY,FAILING TO YIELD RIGHT-OF-WAY,3901,W,63RD ST,823,,,,,,,2,NO INDICATION OF INJURY,0,0,0,0,0,2,0,15,2,8,41.77858403,-87.72042748,POINT (-87.720427478295 41.77858402896)
bc3810df825e0c406e1a47b75e59cf0df25f85ff883e84792b64d5a7a542a70c11175d7e47c7a1e7119a7f616e397710381719e098d5a9ab19a3d1a728f9d5cb,JF375283,,44802.76042,25,STOP SIGN/FLASHER,FUNCTIONING PROPERLY,CLEAR,DAYLIGHT,REAR END,NOT DIVIDED,,STRAIGHT AND LEVEL,DRY,NO DEFECTS,NOT ON SCENE (DESK REPORT),NO INJURY / DRIVE AWAY,,,Y,$500 OR LESS,44802.77083,UNABLE TO DETERMINE,UNABLE TO DETERMINE,4001,N,KILPATRICK AVE,1722,,,,,,,2,NO INDICATION OF INJURY,0,0,0,0,0,5,0,18,2,8,41.95350031,-87.74543466,POINT (-87.745434663322 41.953500313885)
7ae2a9fd85b6b75a520ad055be5f4456649d88ffb7613f41f6614eb252a67f93e099dd5590b2328e7e59551427c71cf295c21c28e92e51eb08be268bdd218d80,HZ413159,,42612.42708,30,NO CONTROLS,NO CONTROLS,CLEAR,DAYLIGHT,SIDESWIPE SAME DIRECTION,PARKING LOT,0,STRAIGHT AND LEVEL,WET,NO DEFECTS,NOT ON SCENE (DESK REPORT),NO INJURY / DRIVE AWAY,,,,"$501 - $1,500",42612.44097,UNABLE TO DETERMINE,UNABLE TO DETERMINE,6612,W,NORTH AVE,2513,,Y,,,,,2,NO INDICATION OF INJURY,0,0,0,0,0,3,0,10,3,8,41.9091923,-87.79058336,POINT (-87.790583357846 41.909192296738)